"datetime","Depth_meter","Water_Temperature_celsius"
1986-07-02 20:00:00,0,18.2
1986-07-02 20:00:00,0.5,18.2
1986-07-02 20:00:00,2,18.2
1986-07-02 20:00:00,5,18.1
1986-07-02 20:00:00,10,17.3
1986-07-02 20:00:00,13,17.1
1986-07-02 20:00:00,15,13
1986-07-02 20:00:00,20,11.2
1986-07-02 20:00:00,25,10.2
1986-08-02 20:00:00,0.1,24
1986-08-02 20:00:00,0.5,23
1986-08-02 20:00:00,3.5,22
1986-08-02 20:00:00,7,21
1986-08-02 20:00:00,8,20
1986-08-02 20:00:00,10,16.5
1986-08-02 20:00:00,11,15.5
1986-08-02 20:00:00,12,13.5
1986-08-02 20:00:00,13.5,12
1986-08-05 20:00:00,0.1,22.4
1986-08-05 20:00:00,1,22.3
1986-08-05 20:00:00,2,22.2
1986-08-05 20:00:00,3,22
1986-08-05 20:00:00,4,22
1986-08-05 20:00:00,5,22
1986-08-05 20:00:00,6,21.5
1986-08-05 20:00:00,7,20.7
1986-08-05 20:00:00,8,18.7
1986-08-05 20:00:00,9,17.2
1986-08-05 20:00:00,10,15.9
1986-08-05 20:00:00,11,14.2
1986-08-05 20:00:00,12,12.5
1986-08-05 20:00:00,13,11.5
1986-08-05 20:00:00,14,10.8
1986-08-05 20:00:00,15,10.2
1986-08-05 20:00:00,20,9
1986-08-05 20:00:00,25,8.8
1986-08-05 20:00:00,30,8.2
1986-09-01 20:00:00,0.1,20
1986-09-01 20:00:00,0.5,19
1986-09-01 20:00:00,1,19.5
1986-09-01 20:00:00,2,19.5
1986-09-01 20:00:00,3,19
1986-09-01 20:00:00,4,19
1986-09-01 20:00:00,5,19
1986-09-01 20:00:00,6,19
1986-09-01 20:00:00,7,19
1986-09-01 20:00:00,8,19
1986-09-01 20:00:00,9,18.5
1986-09-01 20:00:00,10,18.5
1986-09-01 20:00:00,11,18
1986-09-01 20:00:00,11.5,16
1986-09-01 20:00:00,12,15
1986-09-01 20:00:00,12.5,14
1986-09-01 20:00:00,13,13
1986-09-01 20:00:00,14,12
1986-09-01 20:00:00,15,11.5
1986-09-01 20:00:00,16,11
1986-09-01 20:00:00,17,10.5
1986-09-01 20:00:00,18,10
1986-09-01 20:00:00,19,10
1986-09-01 20:00:00,21,10
1986-09-01 20:00:00,22,10
1986-09-01 20:00:00,22.5,10
1987-05-28 20:00:00,0.1,19.5
1987-05-28 20:00:00,0.5,19
1987-05-28 20:00:00,1,18
1987-05-28 20:00:00,2,16.5
1987-05-28 20:00:00,2.5,16
1987-05-28 20:00:00,3,16
1987-05-28 20:00:00,4,15
1987-05-28 20:00:00,5,14.8
1987-05-28 20:00:00,5.5,14
1987-05-28 20:00:00,6,13.5
1987-05-28 20:00:00,7,13
1987-05-28 20:00:00,8,12.5
1987-05-28 20:00:00,9,11
1987-05-28 20:00:00,10,10.5
1987-05-28 20:00:00,11,10
1987-05-28 20:00:00,12,9.5
1987-05-28 20:00:00,13,9
1987-05-28 20:00:00,14,9
1987-05-28 20:00:00,15,9
1987-05-28 20:00:00,16,9
1987-05-28 20:00:00,17,8
1987-05-28 20:00:00,17.5,8
1987-06-30 20:00:00,0.1,21
1987-06-30 20:00:00,0.5,22
1987-06-30 20:00:00,1,21.5
1987-06-30 20:00:00,2,23
1987-06-30 20:00:00,2.5,23
1987-06-30 20:00:00,3,23
1987-06-30 20:00:00,3.5,23
1987-06-30 20:00:00,4,23
1987-06-30 20:00:00,4.5,23
1987-06-30 20:00:00,5,23
1987-06-30 20:00:00,5.5,23
1987-06-30 20:00:00,6,23
1987-06-30 20:00:00,6.5,23
1987-06-30 20:00:00,7,22
1987-06-30 20:00:00,7.5,22
1987-06-30 20:00:00,8,21
1987-06-30 20:00:00,9,18
1987-06-30 20:00:00,9.5,16
1987-06-30 20:00:00,10,15.5
1987-06-30 20:00:00,10.5,14.5
1987-06-30 20:00:00,11,14
1987-06-30 20:00:00,11.5,13
1987-06-30 20:00:00,12,13
1987-06-30 20:00:00,13,12.5
1987-06-30 20:00:00,14,12
1987-06-30 20:00:00,15,11
1987-06-30 20:00:00,16,11
1987-06-30 20:00:00,17,11
1987-06-30 20:00:00,18,10.5
1987-06-30 20:00:00,18.5,10.5
1987-06-30 20:00:00,19,10.5
1987-08-10 20:00:00,0.1,21.3
1987-08-10 20:00:00,0.5,21
1987-08-10 20:00:00,1,21.5
1987-08-10 20:00:00,2,21.3
1987-08-10 20:00:00,3,21.3
1987-08-10 20:00:00,4,21.3
1987-08-10 20:00:00,5,21.3
1987-08-10 20:00:00,6,21.2
1987-08-10 20:00:00,7,21.2
1987-08-10 20:00:00,8,17.5
1987-08-10 20:00:00,9,15
1987-08-10 20:00:00,9.5,14.1
1987-08-10 20:00:00,10,13
1987-08-10 20:00:00,10.5,12
1987-08-10 20:00:00,11,11.5
1987-08-10 20:00:00,11.5,10.8
1987-08-10 20:00:00,12,10.2
1987-08-10 20:00:00,13,9.8
1987-08-10 20:00:00,14,9.2
1987-08-10 20:00:00,15,9.1
1987-08-10 20:00:00,16,8.9
1987-08-10 20:00:00,17,8.8
1987-08-10 20:00:00,18,8.5
1987-08-10 20:00:00,19,8.3
1987-08-10 20:00:00,20,8.2
1987-08-10 20:00:00,21,8.1
1987-09-02 20:00:00,0.1,17.5
1987-09-02 20:00:00,1,18
1987-09-02 20:00:00,2,18
1987-09-02 20:00:00,3,18
1987-09-02 20:00:00,5,18
1987-09-02 20:00:00,7,18
1987-09-02 20:00:00,8,18
1987-09-02 20:00:00,9,18
1987-09-02 20:00:00,10,18
1987-09-02 20:00:00,10.5,15
1987-09-02 20:00:00,11,13
1987-09-02 20:00:00,11.5,12
1987-09-02 20:00:00,12,11.5
1987-09-02 20:00:00,12.5,11
1987-09-02 20:00:00,13,10.5
1987-09-02 20:00:00,14,10
1987-09-02 20:00:00,15,9.5
1987-09-02 20:00:00,16,9.5
1987-09-02 20:00:00,18,9
1987-09-02 20:00:00,19,8.5
1987-09-02 20:00:00,20,8.5
1987-09-02 20:00:00,21,8.5
1987-09-02 20:00:00,22,8
1987-09-02 20:00:00,23,8
1987-09-02 20:00:00,24,8
1989-05-23 20:00:00,0.1,14.8
1989-05-23 20:00:00,0.5,14.7
1989-05-23 20:00:00,1,14.7
1989-05-23 20:00:00,2,14.6
1989-05-23 20:00:00,3,14.5
1989-05-23 20:00:00,4,14.3
1989-05-23 20:00:00,5,14.3
1989-05-23 20:00:00,5.5,14
1989-05-23 20:00:00,6,12.2
1989-05-23 20:00:00,6.5,11
1989-05-23 20:00:00,7,9.4
1989-05-23 20:00:00,7.5,8.9
1989-05-23 20:00:00,8,8.8
1989-05-23 20:00:00,9,8.6
1989-05-23 20:00:00,10,8.5
1989-05-23 20:00:00,11,8.4
1989-05-23 20:00:00,12,8.3
1989-05-23 20:00:00,13,7.9
1989-05-23 20:00:00,13.5,7.9
1989-05-23 20:00:00,14,7.9
1989-05-27 20:00:00,0.1,21.8
1989-05-27 20:00:00,0.5,21.9
1989-05-27 20:00:00,1,21.8
1989-05-27 20:00:00,2,21.7
1989-05-27 20:00:00,2.5,21.3
1989-05-27 20:00:00,3,18.8
1989-05-27 20:00:00,3.5,18.3
1989-05-27 20:00:00,4,17.3
1989-05-27 20:00:00,4.5,16.8
1989-05-27 20:00:00,5,16.6
1989-05-27 20:00:00,5.5,16.1
1989-05-27 20:00:00,6,15.8
1989-05-27 20:00:00,7,15.1
1989-05-27 20:00:00,8,13.9
1989-05-27 20:00:00,9,12.1
1989-05-27 20:00:00,10,11.1
1989-05-27 20:00:00,11,10.5
1989-05-27 20:00:00,12,10
1989-05-27 20:00:00,13,9.5
1989-05-27 20:00:00,14,9.1
1989-05-27 20:00:00,15,8.9
1989-05-27 20:00:00,16,8.7
1989-05-27 20:00:00,17,8.6
1989-05-27 20:00:00,18,8.5
1989-05-27 20:00:00,19,8.4
1989-06-24 20:00:00,0.1,24.4
1989-06-24 20:00:00,0.5,24.3
1989-06-24 20:00:00,1,24
1989-06-24 20:00:00,2,23.6
1989-06-24 20:00:00,3,23.2
1989-06-24 20:00:00,4,22.1
1989-06-24 20:00:00,5,21.3
1989-06-24 20:00:00,5.5,20.5
1989-06-24 20:00:00,6,20.2
1989-06-24 20:00:00,6.5,19.4
1989-06-24 20:00:00,7,17.5
1989-06-24 20:00:00,7.5,16.3
1989-06-24 20:00:00,8,15.3
1989-06-24 20:00:00,9,13
1989-06-24 20:00:00,9.5,12.3
1989-06-24 20:00:00,10,12
1989-06-24 20:00:00,10.5,11.4
1989-06-24 20:00:00,11,10.8
1989-06-24 20:00:00,12,10.2
1989-06-24 20:00:00,13,9.7
1989-06-24 20:00:00,14,9.3
1989-06-24 20:00:00,15,9.2
1989-06-24 20:00:00,16,8.8
1989-06-24 20:00:00,17,8.7
1989-06-24 20:00:00,18,8.7
1989-06-24 20:00:00,19,8.6
1989-06-24 20:00:00,20,8.5
1989-08-29 20:00:00,0.1,20.1
1989-08-29 20:00:00,0.5,20.1
1989-08-29 20:00:00,1,20
1989-08-29 20:00:00,2,20
1989-08-29 20:00:00,3,19.8
1989-08-29 20:00:00,4,19.6
1989-08-29 20:00:00,5,19.5
1989-08-29 20:00:00,6,19.4
1989-08-29 20:00:00,7,19.5
1989-08-29 20:00:00,8,19.2
1989-08-29 20:00:00,9,15.1
1989-08-29 20:00:00,9.5,13.1
1989-08-29 20:00:00,10,12
1989-08-29 20:00:00,10.5,11.3
1989-08-29 20:00:00,11,11.1
1989-08-29 20:00:00,11.5,10.5
1989-08-29 20:00:00,12,10.1
1989-08-29 20:00:00,13,9.5
1989-08-29 20:00:00,14,9.1
1989-08-29 20:00:00,15,8.7
1989-08-29 20:00:00,16,8.4
1989-08-29 20:00:00,17,8.4
1989-08-29 20:00:00,18,8.3
1989-08-29 20:00:00,19,8
1989-08-29 20:00:00,20,8
1989-08-29 20:00:00,21,7.9
1989-08-29 20:00:00,22,7.8
1990-06-20 20:00:00,0.1,21.4
1990-06-20 20:00:00,0.5,21.4
1990-06-20 20:00:00,1,21.4
1990-06-20 20:00:00,2,21.4
1990-06-20 20:00:00,3,21.3
1990-06-20 20:00:00,4,21
1990-06-20 20:00:00,4.5,19.4
1990-06-20 20:00:00,5,18
1990-06-20 20:00:00,5.5,17.2
1990-06-20 20:00:00,6,16.9
1990-06-20 20:00:00,6.5,16.7
1990-06-20 20:00:00,7,16.5
1990-06-20 20:00:00,7.5,15.9
1990-06-20 20:00:00,8,15.7
1990-06-20 20:00:00,9,14.8
1990-06-20 20:00:00,9.5,14.4
1990-06-20 20:00:00,10,14.1
1990-06-20 20:00:00,10.5,13.9
1990-06-20 20:00:00,11,13.6
1990-06-20 20:00:00,12,13.4
1990-06-20 20:00:00,13,12.9
1990-06-20 20:00:00,14,12.7
1990-06-20 20:00:00,15,12.2
1990-06-20 20:00:00,16,12
1990-06-20 20:00:00,17,11.8
1990-06-20 20:00:00,18,11.7
1990-06-20 20:00:00,19,11.6
1990-06-20 20:00:00,20,11.4
1990-06-20 20:00:00,21,11.3
1990-06-20 20:00:00,22,11.2
1990-08-27 20:00:00,0.1,23.1
1990-08-27 20:00:00,0.5,22.9
1990-08-27 20:00:00,1,22.8
1990-08-27 20:00:00,2,22.5
1990-08-27 20:00:00,3,22.3
1990-08-27 20:00:00,4,22.1
1990-08-27 20:00:00,5,22.1
1990-08-27 20:00:00,6,22.1
1990-08-27 20:00:00,7,21.7
1990-08-27 20:00:00,7.5,20.5
1990-08-27 20:00:00,8,19.9
1990-08-27 20:00:00,9,18
1990-08-27 20:00:00,9.5,16.1
1990-08-27 20:00:00,10,15.2
1990-08-27 20:00:00,10.5,14.6
1990-08-27 20:00:00,11,14.1
1990-08-27 20:00:00,11.5,13.5
1990-08-27 20:00:00,12,13.1
1990-08-27 20:00:00,12.5,12.9
1990-08-27 20:00:00,13,12.5
1990-08-27 20:00:00,14,12.2
1990-08-27 20:00:00,15,11.8
1990-08-27 20:00:00,16,11.6
1990-08-27 20:00:00,17,11.4
1990-08-27 20:00:00,18,11.3
1990-08-27 20:00:00,19,11.2
1990-08-27 20:00:00,20,11.1
1990-08-27 20:00:00,21,10.9
1990-08-27 20:00:00,22,10.8
1990-08-27 20:00:00,23,10.7
1990-08-27 20:00:00,24,10.7
1990-08-27 20:00:00,25,10.6
1990-08-27 20:00:00,26,10.5
1990-08-27 20:00:00,27,10.4
1990-08-27 20:00:00,28,10.4
1990-08-27 20:00:00,29,10.3
1990-08-27 20:00:00,29.5,10.2
1990-10-03 20:00:00,0.1,17.1
1990-10-03 20:00:00,0.5,17.1
1990-10-03 20:00:00,1,16.4
1990-10-03 20:00:00,2,16.3
1990-10-03 20:00:00,3,16.2
1990-10-03 20:00:00,4,16.2
1990-10-03 20:00:00,5,16.2
1990-10-03 20:00:00,6,16.1
1990-10-03 20:00:00,7,16.1
1990-10-03 20:00:00,8,16.1
1990-10-03 20:00:00,9,16.1
1990-10-03 20:00:00,10,16.1
1990-10-03 20:00:00,11,16.1
1990-10-03 20:00:00,11.5,15.5
1990-10-03 20:00:00,12,13.7
1990-10-03 20:00:00,12.5,12.7
1990-10-03 20:00:00,13,12.2
1990-10-03 20:00:00,14,11.8
1990-10-03 20:00:00,15,11.2
1990-10-03 20:00:00,16,11
1990-10-03 20:00:00,17,10.8
1990-10-03 20:00:00,18,10.6
1990-10-03 20:00:00,19,10.3
1990-10-03 20:00:00,20,10.1
1990-10-03 20:00:00,20.5,10
1990-10-03 20:00:00,21,10
1991-05-27 20:00:00,0.1,18.3
1991-05-27 20:00:00,0.5,18.3
1991-05-27 20:00:00,1,18.3
1991-05-27 20:00:00,2,18.1
1991-05-27 20:00:00,3,17.7
1991-05-27 20:00:00,4,17.3
1991-05-27 20:00:00,5,17.2
1991-05-27 20:00:00,5.5,15.6
1991-05-27 20:00:00,6,14
1991-05-27 20:00:00,6.5,12.7
1991-05-27 20:00:00,7,12.1
1991-05-27 20:00:00,7.5,11.6
1991-05-27 20:00:00,8,10.8
1991-05-27 20:00:00,9,10.1
1991-05-27 20:00:00,10,9.7
1991-05-27 20:00:00,11,9.4
1991-05-27 20:00:00,12,8.9
1991-05-27 20:00:00,13,8.6
1991-05-27 20:00:00,14,8.1
1991-05-27 20:00:00,15,7.9
1991-05-27 20:00:00,16,7.8
1991-05-27 20:00:00,17,7.7
1991-05-27 20:00:00,18,7.6
1991-05-27 20:00:00,19,7.5
1991-05-27 20:00:00,20,7.5
1991-05-27 20:00:00,21,7.4
1991-05-27 20:00:00,22,7.3
1991-05-27 20:00:00,23,7.2
1991-05-27 20:00:00,24,7.1
1991-05-27 20:00:00,24.5,7.1
1991-06-27 20:00:00,0.1,21.9
1991-06-27 20:00:00,0.5,21.9
1991-06-27 20:00:00,1,21.9
1991-06-27 20:00:00,2,21.8
1991-06-27 20:00:00,3,21.7
1991-06-27 20:00:00,4,21.5
1991-06-27 20:00:00,5,21.4
1991-06-27 20:00:00,6,20.4
1991-06-27 20:00:00,6.5,19.8
1991-06-27 20:00:00,7,18.1
1991-06-27 20:00:00,7.5,16.5
1991-06-27 20:00:00,8,14.8
1991-06-27 20:00:00,9,12.5
1991-06-27 20:00:00,9.5,11.7
1991-06-27 20:00:00,10,11.1
1991-06-27 20:00:00,10.5,10.6
1991-06-27 20:00:00,11,10.3
1991-06-27 20:00:00,12,10.2
1991-06-27 20:00:00,13,9.7
1991-06-27 20:00:00,14,9.2
1991-06-27 20:00:00,15,8.8
1991-06-27 20:00:00,16,8.6
1991-06-27 20:00:00,17,8.5
1991-06-27 20:00:00,18,8.1
1991-06-27 20:00:00,19,8.1
1991-06-27 20:00:00,20,8.1
1991-06-27 20:00:00,21,7.9
1991-06-27 20:00:00,22,7.9
1991-06-27 20:00:00,23,7.9
1991-06-27 20:00:00,24,7.8
1991-06-27 20:00:00,25,7.9
1991-06-27 20:00:00,26,7.8
1991-07-29 20:00:00,0.1,23.2
1991-07-29 20:00:00,0.5,23.2
1991-07-29 20:00:00,1,23.2
1991-07-29 20:00:00,2,23.1
1991-07-29 20:00:00,3,23.1
1991-07-29 20:00:00,4,23
1991-07-29 20:00:00,5,22.9
1991-07-29 20:00:00,6,22.9
1991-07-29 20:00:00,6.5,22.2
1991-07-29 20:00:00,7,21.7
1991-07-29 20:00:00,7.5,20.7
1991-07-29 20:00:00,8,19.6
1991-07-29 20:00:00,9,17.4
1991-07-29 20:00:00,9.5,15.9
1991-07-29 20:00:00,10,14.6
1991-07-29 20:00:00,10.5,13.5
1991-07-29 20:00:00,11,11.9
1991-07-29 20:00:00,11.5,11.3
1991-07-29 20:00:00,12,10.7
1991-07-29 20:00:00,12.5,10.3
1991-07-29 20:00:00,13,10.2
1991-07-29 20:00:00,14,9.8
1991-07-29 20:00:00,15,9.4
1991-07-29 20:00:00,16,9
1991-07-29 20:00:00,17,8.7
1991-07-29 20:00:00,18,8.6
1991-07-29 20:00:00,19,8.5
1991-07-29 20:00:00,20,8.4
1991-07-29 20:00:00,21,8.2
1991-07-29 20:00:00,22,8.1
1991-07-29 20:00:00,23,8.1
1991-07-29 20:00:00,24,8
1991-07-29 20:00:00,25,7.9
1991-07-29 20:00:00,26,7.8
1991-07-29 20:00:00,27,7.8
1991-07-29 20:00:00,28,7.8
1991-07-29 20:00:00,29,7.8
1991-07-29 20:00:00,30,7.7
1991-08-26 20:00:00,0.1,21.6
1991-08-26 20:00:00,0.5,21.6
1991-08-26 20:00:00,1,21.6
1991-08-26 20:00:00,2,21.6
1991-08-26 20:00:00,3,21.5
1991-08-26 20:00:00,4,21.5
1991-08-26 20:00:00,5,21.4
1991-08-26 20:00:00,6,21.3
1991-08-26 20:00:00,7,21.3
1991-08-26 20:00:00,8,21.2
1991-08-26 20:00:00,9,20.2
1991-08-26 20:00:00,9.5,19.6
1991-08-26 20:00:00,10,18.8
1991-08-26 20:00:00,10.5,16
1991-08-26 20:00:00,11,13
1991-08-26 20:00:00,11.5,12.5
1991-08-26 20:00:00,12,12.3
1991-08-26 20:00:00,12.5,12.1
1991-08-26 20:00:00,13,11.7
1991-08-26 20:00:00,14,10.7
1991-08-26 20:00:00,15,10.2
1991-08-26 20:00:00,16,9.8
1991-08-26 20:00:00,17,9.3
1991-08-26 20:00:00,18,9.1
1991-08-26 20:00:00,19,8.9
1991-08-26 20:00:00,20,8.8
1991-08-26 20:00:00,21,8.8
1991-08-26 20:00:00,22,8.6
1991-08-26 20:00:00,23,8.5
1991-08-26 20:00:00,24,8.4
1991-08-26 20:00:00,25,8.4
1991-08-26 20:00:00,26,8.3
1992-05-25 20:00:00,0.1,13.6
1992-05-25 20:00:00,0.5,13.6
1992-05-25 20:00:00,1,13.6
1992-05-25 20:00:00,2,13.6
1992-05-25 20:00:00,3,13.5
1992-05-25 20:00:00,4,13.5
1992-05-25 20:00:00,5,13.1
1992-05-25 20:00:00,5.5,12.3
1992-05-25 20:00:00,6,12.1
1992-05-25 20:00:00,6.5,11.7
1992-05-25 20:00:00,7,10.8
1992-05-25 20:00:00,7.5,10.2
1992-05-25 20:00:00,8,9.9
1992-05-25 20:00:00,9,8.9
1992-05-25 20:00:00,10,8.1
1992-05-25 20:00:00,11,7.6
1992-05-25 20:00:00,12,6.8
1992-05-25 20:00:00,13,6.5
1992-05-25 20:00:00,14,6.4
1992-05-25 20:00:00,15,6.2
1992-05-25 20:00:00,16,6.1
1992-05-25 20:00:00,17,6
1992-05-25 20:00:00,18,5.9
1992-05-25 20:00:00,19,5.9
1992-05-25 20:00:00,20,5.8
1992-05-25 20:00:00,21,5.7
1992-05-25 20:00:00,22,5.6
1992-05-25 20:00:00,23,5.6
1992-05-25 20:00:00,24,5.6
1992-05-25 20:00:00,25,5.5
1992-05-25 20:00:00,26,5.5
1992-05-25 20:00:00,27,5.4
1992-05-25 20:00:00,28,5.4
1992-05-25 20:00:00,29,5.3
1992-05-25 20:00:00,30,5.3
1992-06-30 20:00:00,0.1,20.3
1992-06-30 20:00:00,0.5,20.1
1992-06-30 20:00:00,1,20
1992-06-30 20:00:00,2,19.5
1992-06-30 20:00:00,3,19
1992-06-30 20:00:00,4,18.9
1992-06-30 20:00:00,5,18.8
1992-06-30 20:00:00,6,17.9
1992-06-30 20:00:00,7,17.7
1992-06-30 20:00:00,7.5,16.6
1992-06-30 20:00:00,8,16.2
1992-06-30 20:00:00,9,13.2
1992-06-30 20:00:00,9.5,10.7
1992-06-30 20:00:00,10,9.5
1992-06-30 20:00:00,10.5,8.8
1992-06-30 20:00:00,11,8.5
1992-06-30 20:00:00,11.5,8.2
1992-06-30 20:00:00,12,7.9
1992-06-30 20:00:00,13,7.5
1992-06-30 20:00:00,14,7
1992-06-30 20:00:00,15,6.9
1992-06-30 20:00:00,16,6.8
1992-06-30 20:00:00,17,6.6
1992-06-30 20:00:00,18,6.3
1992-06-30 20:00:00,19,6.2
1992-06-30 20:00:00,20,6.1
1992-06-30 20:00:00,21,6
1992-06-30 20:00:00,22,6
1992-06-30 20:00:00,23,5.9
1992-06-30 20:00:00,24,5.9
1992-06-30 20:00:00,25,5.9
1992-06-30 20:00:00,26,5.8
1992-06-30 20:00:00,27,5.8
1992-06-30 20:00:00,28,5.7
1992-06-30 20:00:00,29,5.6
1992-07-28 20:00:00,0.1,20.7
1992-07-28 20:00:00,0.5,20.7
1992-07-28 20:00:00,1,20.7
1992-07-28 20:00:00,2,20.6
1992-07-28 20:00:00,3,20.6
1992-07-28 20:00:00,4,20.5
1992-07-28 20:00:00,5,20.5
1992-07-28 20:00:00,6,20.4
1992-07-28 20:00:00,7,20.4
1992-07-28 20:00:00,7.5,20.2
1992-07-28 20:00:00,8,17.5
1992-07-28 20:00:00,9,15.3
1992-07-28 20:00:00,9.5,13.5
1992-07-28 20:00:00,10,12.1
1992-07-28 20:00:00,10.5,11.6
1992-07-28 20:00:00,11,9.7
1992-07-28 20:00:00,11.5,9.1
1992-07-28 20:00:00,12,8.8
1992-07-28 20:00:00,12.5,9
1992-07-28 20:00:00,13,8.8
1992-07-28 20:00:00,13.5,8.9
1992-07-28 20:00:00,14,8.4
1992-07-28 20:00:00,14.5,7.8
1992-07-28 20:00:00,15,7.4
1992-07-28 20:00:00,15.5,7.2
1992-07-28 20:00:00,16,7
1992-07-28 20:00:00,16.5,7
1992-07-28 20:00:00,17,6.8
1992-07-28 20:00:00,18,6.8
1992-07-28 20:00:00,19,6.7
1992-07-28 20:00:00,20,6.6
1992-07-28 20:00:00,21,6.5
1992-07-28 20:00:00,22,6.5
1992-07-28 20:00:00,23,6.4
1992-07-28 20:00:00,24,6.3
1992-07-28 20:00:00,25,6.3
1992-07-28 20:00:00,26,6.3
1992-07-28 20:00:00,27,6.1
1992-07-28 20:00:00,28,6
1992-07-28 20:00:00,29,5.9
1992-08-27 20:00:00,0.1,21.5
1992-08-27 20:00:00,0.5,21.4
1992-08-27 20:00:00,1,21.4
1992-08-27 20:00:00,2,21.4
1992-08-27 20:00:00,3,19.9
1992-08-27 20:00:00,4,19.4
1992-08-27 20:00:00,5,18.7
1992-08-27 20:00:00,6,18.1
1992-08-27 20:00:00,7,17.8
1992-08-27 20:00:00,8,17.3
1992-08-27 20:00:00,9,16.2
1992-08-27 20:00:00,9.5,14.8
1992-08-27 20:00:00,10,13
1992-08-27 20:00:00,10.5,10.4
1992-08-27 20:00:00,11,9.3
1992-08-27 20:00:00,11.5,8.6
1992-08-27 20:00:00,12,8.2
1992-08-27 20:00:00,12.5,7.8
1992-08-27 20:00:00,13,7.5
1992-08-27 20:00:00,14,6.8
1992-08-27 20:00:00,15,6.4
1992-08-27 20:00:00,16,6
1992-08-27 20:00:00,17,5.9
1992-08-27 20:00:00,18,5.8
1992-08-27 20:00:00,19,5.7
1992-08-27 20:00:00,20,5.5
1992-08-27 20:00:00,21,5.5
1992-08-27 20:00:00,22,5.3
1992-08-27 20:00:00,23,5.2
1992-08-27 20:00:00,24,5.2
1992-08-27 20:00:00,25,5.1
1992-08-27 20:00:00,26,5.1
1992-08-27 20:00:00,27,5
1992-08-27 20:00:00,28,4.9
1993-05-29 20:00:00,0.5,12
1993-05-29 20:00:00,2,12
1993-05-29 20:00:00,4,12
1993-05-29 20:00:00,6,12
1993-05-29 20:00:00,8,11.9
1993-05-29 20:00:00,10,11.8
1993-05-29 20:00:00,11,10.8
1993-05-29 20:00:00,12,8
1993-05-29 20:00:00,14,7.5
1993-05-29 20:00:00,16,7.5
1993-05-29 20:00:00,18,6.4
1993-05-29 20:00:00,20,6.1
1993-06-12 20:00:00,1,17.9
1993-06-12 20:00:00,2,15.3
1993-06-12 20:00:00,3,15.5
1993-06-12 20:00:00,4,14.8
1993-06-12 20:00:00,5,14.2
1993-06-12 20:00:00,6,13.9
1993-06-12 20:00:00,7,13.6
1993-06-12 20:00:00,8,13.6
1993-06-12 20:00:00,9,13.2
1993-06-12 20:00:00,10,11.9
1993-06-12 20:00:00,11,10.8
1993-06-12 20:00:00,12,9.8
1993-06-12 20:00:00,13,8.9
1993-06-12 20:00:00,14,8
1993-06-12 20:00:00,15,7.8
1993-06-12 20:00:00,16,7.4
1993-06-12 20:00:00,17,7
1993-06-12 20:00:00,18,7
1993-06-12 20:00:00,19,6.9
1993-06-12 20:00:00,20,6.6
1993-06-12 20:00:00,21,6.6
1993-06-12 20:00:00,22,6.5
1993-06-12 20:00:00,23,6.5
1993-06-12 20:00:00,24,6.5
1993-06-12 20:00:00,25,6.5
1993-06-26 20:00:00,0.5,20.4
1993-06-26 20:00:00,1,20
1993-06-26 20:00:00,2,19.5
1993-06-26 20:00:00,3,19
1993-06-26 20:00:00,4,18.5
1993-06-26 20:00:00,5,18.2
1993-06-26 20:00:00,6,17.5
1993-06-26 20:00:00,7,17.1
1993-06-26 20:00:00,8,16.8
1993-06-26 20:00:00,9,15.2
1993-06-26 20:00:00,10,13.5
1993-06-26 20:00:00,11,12.5
1993-06-26 20:00:00,12,11
1993-06-26 20:00:00,13,9.9
1993-06-26 20:00:00,14,8.9
1993-06-26 20:00:00,15,8.5
1993-06-26 20:00:00,16,8
1993-06-26 20:00:00,17,7.8
1993-06-26 20:00:00,18,7.5
1993-06-26 20:00:00,19,7.5
1993-06-26 20:00:00,20,7.5
1993-06-26 20:00:00,21,7
1993-06-26 20:00:00,22,7
1993-06-26 20:00:00,23,7
1993-06-26 20:00:00,24,7
1993-06-26 20:00:00,25,7
1993-07-24 20:00:00,0.5,22
1993-07-24 20:00:00,1,21.2
1993-07-24 20:00:00,2,20.9
1993-07-24 20:00:00,3,20.9
1993-07-24 20:00:00,4,20.9
1993-07-24 20:00:00,5,20.7
1993-07-24 20:00:00,6,20.7
1993-07-24 20:00:00,7,20.5
1993-07-24 20:00:00,8,19.8
1993-07-24 20:00:00,9,17
1993-07-24 20:00:00,10,14.5
1993-07-24 20:00:00,11,12.1
1993-07-24 20:00:00,12,11
1993-07-24 20:00:00,13,9.9
1993-07-24 20:00:00,14,9
1993-07-24 20:00:00,15,8.5
1993-08-07 20:00:00,0.5,21.8
1993-08-07 20:00:00,1,21.8
1993-08-07 20:00:00,2,21.8
1993-08-07 20:00:00,3,21.8
1993-08-07 20:00:00,4,21.8
1993-08-07 20:00:00,5,21.8
1993-08-07 20:00:00,6,21.8
1993-08-07 20:00:00,7,21.8
1993-08-07 20:00:00,8,21.8
1993-08-07 20:00:00,9,20.2
1993-08-07 20:00:00,10,18.5
1993-08-07 20:00:00,11,15.5
1993-08-07 20:00:00,12,13.2
1993-08-07 20:00:00,13,12.5
1993-08-07 20:00:00,14,11.2
1993-08-07 20:00:00,15,10
1993-08-07 20:00:00,16,9.2
1993-08-07 20:00:00,17,9
1993-08-07 20:00:00,18,8.5
1993-08-07 20:00:00,19,8.5
1993-08-07 20:00:00,20,8.5
1993-08-07 20:00:00,21,8.3
1993-08-07 20:00:00,22,8.2
1993-08-07 20:00:00,23,8
1993-08-07 20:00:00,24,7.8
1993-08-07 20:00:00,25,7.5
1993-08-21 20:00:00,0.5,21.8
1993-08-21 20:00:00,1,21.8
1993-08-21 20:00:00,2,21.8
1993-08-21 20:00:00,3,21.5
1993-08-21 20:00:00,4,21.5
1993-08-21 20:00:00,5,21.5
1993-08-21 20:00:00,6,21.4
1993-08-21 20:00:00,7,21.4
1993-08-21 20:00:00,8,21.4
1993-08-21 20:00:00,9,20.5
1993-08-21 20:00:00,10,16.8
1993-08-21 20:00:00,11,13.8
1993-08-21 20:00:00,12,12
1993-08-21 20:00:00,13,10.5
1993-08-21 20:00:00,14,10.2
1993-08-21 20:00:00,15,9.2
1993-08-21 20:00:00,16,8.8
1993-08-21 20:00:00,17,8.5
1993-08-21 20:00:00,18,7
1993-08-21 20:00:00,19,7
1993-08-21 20:00:00,20,6.8
1993-08-21 20:00:00,21,6.5
1993-08-21 20:00:00,22,6.5
1993-08-21 20:00:00,23,6.2
1993-08-21 20:00:00,24,5.5
1993-08-21 20:00:00,25,5.5
1993-09-04 20:00:00,0.5,23
1993-09-04 20:00:00,1,23
1993-09-04 20:00:00,2,22.8
1993-09-04 20:00:00,3,22.8
1993-09-04 20:00:00,4,22.6
1993-09-04 20:00:00,5,22.5
1993-09-04 20:00:00,6,22.5
1993-09-04 20:00:00,7,22.6
1993-09-04 20:00:00,8,22.5
1993-09-04 20:00:00,9,22.5
1993-09-04 20:00:00,10,22.6
1993-09-04 20:00:00,11,22.2
1993-09-04 20:00:00,12,15.8
1993-09-04 20:00:00,13,15
1993-09-04 20:00:00,14,13.2
1993-09-04 20:00:00,15,11
1993-09-04 20:00:00,16,11.2
1993-09-04 20:00:00,17,12.5
1993-09-04 20:00:00,18,11.5
1993-09-04 20:00:00,19,11.4
1993-09-04 20:00:00,20,10
1993-09-04 20:00:00,21,9.8
1993-09-04 20:00:00,22,9.6
1993-10-16 20:00:00,0.5,11.8
1993-10-16 20:00:00,2,11.9
1993-10-16 20:00:00,4,11.9
1993-10-16 20:00:00,6,11.9
1993-10-16 20:00:00,8,11.9
1993-10-16 20:00:00,10,11.9
1993-10-16 20:00:00,12,11.9
1993-10-16 20:00:00,14,11.9
1993-10-16 20:00:00,16,11.9
1993-10-16 20:00:00,18,11.8
1993-10-16 20:00:00,20,11.5
1994-07-06 20:00:00,0.5,24
1994-07-06 20:00:00,1,24
1994-07-06 20:00:00,2,23.5
1994-07-06 20:00:00,3,23
1994-07-06 20:00:00,4,22.5
1994-07-06 20:00:00,5,22
1994-07-06 20:00:00,6,22
1994-07-06 20:00:00,7,21.5
1994-07-06 20:00:00,8,20
1994-07-06 20:00:00,9,16
1994-07-06 20:00:00,10,14
1994-07-06 20:00:00,11,12.5
1994-07-06 20:00:00,12,12
1994-07-06 20:00:00,13,11
1994-07-06 20:00:00,14,10
1994-07-06 20:00:00,15,9.5
1994-07-06 20:00:00,16,8.5
1994-07-06 20:00:00,17,9.5
1994-07-06 20:00:00,18,9
1994-07-06 20:00:00,19,8.5
1994-07-06 20:00:00,20,9
1994-07-06 20:00:00,21,9
1994-07-06 20:00:00,22,9
1994-07-06 20:00:00,23,8.5
1994-07-06 20:00:00,24,8.5
1994-07-06 20:00:00,25,8.5
1994-07-06 20:00:00,26,8
1994-07-06 20:00:00,27,8
1994-07-06 20:00:00,28,8
1994-07-06 20:00:00,29,8
1994-07-28 20:00:00,1,25
1994-07-28 20:00:00,2,25
1994-07-28 20:00:00,3,25
1994-07-28 20:00:00,4,24.5
1994-07-28 20:00:00,5,24.5
1994-07-28 20:00:00,6,24.5
1994-07-28 20:00:00,7,24.5
1994-07-28 20:00:00,8,24
1994-07-28 20:00:00,9,24
1994-07-28 20:00:00,10,23
1994-07-28 20:00:00,11,21
1994-07-28 20:00:00,12,19
1994-07-28 20:00:00,13,18
1994-07-28 20:00:00,14,16.5
1994-07-28 20:00:00,15,14
1994-07-28 20:00:00,16,13
1994-07-28 20:00:00,17,13
1994-07-28 20:00:00,18,12
1994-07-28 20:00:00,19,11.5
1994-07-28 20:00:00,20,11.5
1994-07-28 20:00:00,21,10.5
1994-07-28 20:00:00,22,10.5
1994-07-28 20:00:00,23,10
1994-07-28 20:00:00,24,9.5
1994-07-28 20:00:00,25,9.5
1994-07-28 20:00:00,26,9
1994-07-28 20:00:00,27,9
1994-07-28 20:00:00,28,9
1994-07-28 20:00:00,29,9
1994-08-18 20:00:00,0,22
1994-08-18 20:00:00,1,21.6
1994-08-18 20:00:00,2,21.5
1994-08-18 20:00:00,3,21.5
1994-08-18 20:00:00,4,21.4
1994-08-18 20:00:00,5,21.4
1994-08-18 20:00:00,6,21.4
1994-08-18 20:00:00,7,21.4
1994-08-18 20:00:00,8,21.4
1994-08-18 20:00:00,9,17.8
1994-08-18 20:00:00,10,14
1994-08-18 20:00:00,12,11.5
1994-08-18 20:00:00,14,10.5
1994-08-18 20:00:00,16,9.8
1994-08-18 20:00:00,18,9.5
1994-08-18 20:00:00,20,9.3
1994-08-18 20:00:00,22,9
1994-08-18 20:00:00,24,8.8
1994-08-18 20:00:00,26,8.7
1994-08-18 20:00:00,27,8.6
1994-09-13 20:00:00,0.5,17.3
1994-09-13 20:00:00,1,17.2
1994-09-13 20:00:00,2,17.2
1994-09-13 20:00:00,3,17.2
1994-09-13 20:00:00,4,17.2
1994-09-13 20:00:00,5,17.1
1994-09-13 20:00:00,6,17.1
1994-09-13 20:00:00,7,17
1994-09-13 20:00:00,8,16.9
1994-09-13 20:00:00,9,16.8
1994-09-13 20:00:00,10,16.8
1994-09-13 20:00:00,11,16.3
1994-09-13 20:00:00,12,15.2
1994-09-13 20:00:00,13,12.1
1994-09-13 20:00:00,14,11
1994-09-13 20:00:00,15,10.3
1994-09-13 20:00:00,16,10
1994-09-13 20:00:00,17,9.8
1994-09-13 20:00:00,18,9.5
1994-09-13 20:00:00,19,9.3
1994-09-13 20:00:00,20,9.2
1994-09-13 20:00:00,21,9
1994-09-13 20:00:00,22,9
1994-09-13 20:00:00,23,8.8
1994-09-13 20:00:00,24,8.8
1994-09-13 20:00:00,25,8.8
1994-09-13 20:00:00,26,8.8
1994-09-13 20:00:00,27,8.5
1994-09-13 20:00:00,28,8.5
1994-09-13 20:00:00,29,8.5
1995-05-25 20:00:00,0.5,13.8
1995-05-25 20:00:00,1,13.6
1995-05-25 20:00:00,2,13.2
1995-05-25 20:00:00,3,13
1995-05-25 20:00:00,4,12.6
1995-05-25 20:00:00,5,12.3
1995-05-25 20:00:00,6,12
1995-05-25 20:00:00,7,11.6
1995-05-25 20:00:00,8,10.6
1995-05-25 20:00:00,9,9.8
1995-05-25 20:00:00,10,9
1995-05-25 20:00:00,11,8.8
1995-05-25 20:00:00,12,8.5
1995-05-25 20:00:00,13,8.4
1995-05-25 20:00:00,14,8.1
1995-05-25 20:00:00,15,8
1995-05-25 20:00:00,16,7.9
1995-05-25 20:00:00,17,7.8
1995-05-25 20:00:00,18,7.8
1995-05-25 20:00:00,19,7.8
1995-05-25 20:00:00,20,7.7
1995-05-25 20:00:00,21,7.8
1995-05-25 20:00:00,22,7.7
1995-05-25 20:00:00,23,7.5
1995-05-25 20:00:00,24,7.5
1995-05-25 20:00:00,25,7.5
1995-05-25 20:00:00,26,7.5
1995-05-25 20:00:00,27,7.5
1995-05-25 20:00:00,28,7.5
1995-05-25 20:00:00,28.5,7.2
1995-06-15 20:00:00,0.5,17.8
1995-06-15 20:00:00,1,17.5
1995-06-15 20:00:00,2,17
1995-06-15 20:00:00,3,17
1995-06-15 20:00:00,4,17
1995-06-15 20:00:00,5,16.9
1995-06-15 20:00:00,6,16.9
1995-06-15 20:00:00,7,14.3
1995-06-15 20:00:00,8,12.9
1995-06-15 20:00:00,9,11.9
1995-06-15 20:00:00,10,10.5
1995-06-15 20:00:00,11,10
1995-06-15 20:00:00,12,9.3
1995-06-15 20:00:00,13,9.1
1995-06-15 20:00:00,14,8.5
1995-06-15 20:00:00,15,8.3
1995-06-15 20:00:00,16,8.3
1995-06-15 20:00:00,17,8.1
1995-06-15 20:00:00,18,8
1995-06-15 20:00:00,19,8
1995-06-15 20:00:00,20,8
1995-06-15 20:00:00,21,7.9
1995-06-15 20:00:00,22,7.8
1995-06-15 20:00:00,23,7.8
1995-06-15 20:00:00,24,7.8
1995-06-15 20:00:00,25,7.8
1995-06-15 20:00:00,26,7.8
1995-06-15 20:00:00,27,7.6
1995-06-15 20:00:00,28,7.5
1995-06-15 20:00:00,29,7.5
1995-06-15 20:00:00,30,7.5
1995-07-12 20:00:00,0.5,23
1995-07-12 20:00:00,1,22.8
1995-07-12 20:00:00,2,22.8
1995-07-12 20:00:00,3,22.5
1995-07-12 20:00:00,4,22.5
1995-07-12 20:00:00,5,22.5
1995-07-12 20:00:00,6,22.3
1995-07-12 20:00:00,7,18.2
1995-07-12 20:00:00,8,15.2
1995-07-12 20:00:00,9,13.9
1995-07-12 20:00:00,10,12.1
1995-07-12 20:00:00,11,11
1995-07-12 20:00:00,12,10.3
1995-07-12 20:00:00,13,10
1995-07-12 20:00:00,14,9.5
1995-07-12 20:00:00,15,9
1995-07-12 20:00:00,16,8.8
1995-07-12 20:00:00,17,8.6
1995-07-12 20:00:00,18,8.4
1995-07-12 20:00:00,19,8.2
1995-07-12 20:00:00,20,8.2
1995-07-12 20:00:00,21,8
1995-07-12 20:00:00,22,8
1995-07-12 20:00:00,23,8
1995-07-12 20:00:00,24,7.8
1995-07-12 20:00:00,25,7.8
1995-07-12 20:00:00,26,7.8
1995-07-12 20:00:00,27,7.8
1995-07-12 20:00:00,28,7.5
1995-07-12 20:00:00,29,7.6
1995-08-09 20:00:00,0.5,23.5
1995-08-09 20:00:00,1,23.5
1995-08-09 20:00:00,2,23.5
1995-08-09 20:00:00,3,23.5
1995-08-09 20:00:00,4,23.2
1995-08-09 20:00:00,5,23.1
1995-08-09 20:00:00,6,22.9
1995-08-09 20:00:00,7,22.8
1995-08-09 20:00:00,8,20.2
1995-08-09 20:00:00,9,16.1
1995-08-09 20:00:00,10,13.8
1995-08-09 20:00:00,11,12.2
1995-08-09 20:00:00,12,11.2
1995-08-09 20:00:00,13,10.5
1995-08-09 20:00:00,14,10
1995-08-09 20:00:00,15,9.5
1995-08-09 20:00:00,16,9.1
1995-08-09 20:00:00,17,8.9
1995-08-09 20:00:00,18,8.7
1995-08-09 20:00:00,19,8.5
1995-08-09 20:00:00,20,8.4
1995-08-09 20:00:00,21,8.3
1995-08-09 20:00:00,22,8.2
1995-08-09 20:00:00,23,8.1
1995-08-09 20:00:00,24,8.1
1995-08-09 20:00:00,25,8
1995-08-09 20:00:00,26,7.9
1995-08-09 20:00:00,27,7.9
1995-08-09 20:00:00,28,7.9
1995-08-09 20:00:00,29,7.8
1995-09-04 20:00:00,0.5,21
1995-09-04 20:00:00,1,20.8
1995-09-04 20:00:00,2,20.6
1995-09-04 20:00:00,3,20.5
1995-09-04 20:00:00,4,20.5
1995-09-04 20:00:00,5,20.5
1995-09-04 20:00:00,6,20.3
1995-09-04 20:00:00,7,20.3
1995-09-04 20:00:00,8,20.1
1995-09-04 20:00:00,9,19.5
1995-09-04 20:00:00,10,17
1995-09-04 20:00:00,11,13.5
1995-09-04 20:00:00,12,12
1995-09-04 20:00:00,13,11
1995-09-04 20:00:00,14,11
1995-09-04 20:00:00,15,9.9
1995-09-04 20:00:00,16,9.5
1995-09-04 20:00:00,17,9.1
1995-09-04 20:00:00,18,9
1995-09-04 20:00:00,19,8.9
1995-09-04 20:00:00,20,8.9
1995-09-04 20:00:00,21,8.5
1995-09-04 20:00:00,22,8.5
1995-09-04 20:00:00,23,8.2
1995-09-04 20:00:00,24,8.1
1995-09-04 20:00:00,25,8
1995-09-04 20:00:00,26,8
1995-09-04 20:00:00,27,8
1995-09-04 20:00:00,28,8
1995-09-04 20:00:00,29,8
1995-09-29 20:00:00,0.5,15.8
1995-09-29 20:00:00,1,15.8
1995-09-29 20:00:00,2,15.5
1995-09-29 20:00:00,3,15.5
1995-09-29 20:00:00,4,15.5
1995-09-29 20:00:00,5,15.5
1995-09-29 20:00:00,6,15.5
1995-09-29 20:00:00,7,15.5
1995-09-29 20:00:00,8,15.5
1995-09-29 20:00:00,9,15.5
1995-09-29 20:00:00,10,15.3
1995-09-29 20:00:00,11,15.3
1995-09-29 20:00:00,12,15.3
1995-09-29 20:00:00,13,13.2
1995-09-29 20:00:00,14,11
1995-09-29 20:00:00,15,10.5
1995-09-29 20:00:00,16,9.8
1995-09-29 20:00:00,17,9.3
1995-09-29 20:00:00,18,9.2
1995-09-29 20:00:00,19,9.2
1995-09-29 20:00:00,20,9
1995-09-29 20:00:00,21,8.8
1995-09-29 20:00:00,22,8.5
1995-09-29 20:00:00,23,8.5
1995-09-29 20:00:00,24,8.3
1995-09-29 20:00:00,25,8.2
1995-09-29 20:00:00,26,8
1995-09-29 20:00:00,27,8
1995-09-29 20:00:00,28,8
1995-09-29 20:00:00,29,8
1996-05-21 20:00:00,0.5,13.5
1996-05-21 20:00:00,1,13.2
1996-05-21 20:00:00,2,12.5
1996-05-21 20:00:00,3,11.2
1996-05-21 20:00:00,4,11
1996-05-21 20:00:00,5,10.8
1996-05-21 20:00:00,6,10.2
1996-05-21 20:00:00,7,10
1996-05-21 20:00:00,8,9.5
1996-05-21 20:00:00,9,9.1
1996-05-21 20:00:00,10,9
1996-05-21 20:00:00,11,8.5
1996-05-21 20:00:00,12,8.3
1996-05-21 20:00:00,13,8.2
1996-05-21 20:00:00,14,8
1996-05-21 20:00:00,15,8
1996-05-21 20:00:00,16,8
1996-05-21 20:00:00,17,7.8
1996-05-21 20:00:00,18,7.5
1996-05-21 20:00:00,19,7.5
1996-05-21 20:00:00,20,7.5
1996-05-21 20:00:00,21,7.5
1996-05-21 20:00:00,22,7.3
1996-05-21 20:00:00,23,7.2
1996-05-21 20:00:00,24,7.2
1996-05-21 20:00:00,25,7.2
1996-05-21 20:00:00,26,7.1
1996-05-21 20:00:00,27,7.1
1996-05-21 20:00:00,28,7.1
1996-05-21 20:00:00,29,7.1
1996-06-11 20:00:00,0.5,21
1996-06-11 20:00:00,1,20
1996-06-11 20:00:00,2,18.5
1996-06-11 20:00:00,3,18
1996-06-11 20:00:00,4,17.2
1996-06-11 20:00:00,5,15.1
1996-06-11 20:00:00,6,13
1996-06-11 20:00:00,7,12.8
1996-06-11 20:00:00,8,12
1996-06-11 20:00:00,9,11.2
1996-06-11 20:00:00,10,10.5
1996-06-11 20:00:00,11,9.9
1996-06-11 20:00:00,12,9.5
1996-06-11 20:00:00,13,9
1996-06-11 20:00:00,14,9
1996-06-11 20:00:00,15,8.8
1996-06-11 20:00:00,16,8.5
1996-06-11 20:00:00,17,8
1996-06-11 20:00:00,18,8
1996-06-11 20:00:00,19,8
1996-06-11 20:00:00,20,8
1996-06-11 20:00:00,21,8
1996-06-11 20:00:00,22,8
1996-06-11 20:00:00,23,8
1996-06-11 20:00:00,24,8
1996-06-11 20:00:00,25,7.5
1996-06-11 20:00:00,26,8
1996-06-11 20:00:00,27,8
1996-06-11 20:00:00,28,7.5
1996-06-11 20:00:00,29,7.8
1996-06-11 20:00:00,30,7.5
1996-07-01 20:00:00,0.5,20
1996-07-01 20:00:00,1,19.6
1996-07-01 20:00:00,2,19.1
1996-07-01 20:00:00,3,19
1996-07-01 20:00:00,4,18.6
1996-07-01 20:00:00,5,18.4
1996-07-01 20:00:00,6,18
1996-07-01 20:00:00,7,17
1996-07-01 20:00:00,8,15.1
1996-07-01 20:00:00,9,12.9
1996-07-01 20:00:00,10,11.2
1996-07-01 20:00:00,11,10.5
1996-07-01 20:00:00,12,9.9
1996-07-01 20:00:00,13,9.4
1996-07-01 20:00:00,14,9
1996-07-01 20:00:00,15,8.9
1996-07-01 20:00:00,16,8.8
1996-07-01 20:00:00,17,8.5
1996-07-01 20:00:00,18,8.4
1996-07-01 20:00:00,19,8.3
1996-07-01 20:00:00,20,8.1
1996-07-01 20:00:00,21,8.1
1996-07-01 20:00:00,22,8.1
1996-07-01 20:00:00,23,8
1996-07-01 20:00:00,24,8
1996-07-01 20:00:00,25,8
1996-07-01 20:00:00,26,8
1996-07-01 20:00:00,27,8
1996-07-01 20:00:00,28,8
1996-07-23 20:00:00,0.5,21
1996-07-23 20:00:00,1,20.3
1996-07-23 20:00:00,2,20
1996-07-23 20:00:00,3,19.9
1996-07-23 20:00:00,4,19.9
1996-07-23 20:00:00,5,19.6
1996-07-23 20:00:00,6,19.5
1996-07-23 20:00:00,7,19.5
1996-07-23 20:00:00,8,19.5
1996-07-23 20:00:00,9,17.5
1996-07-23 20:00:00,10,14.5
1996-07-23 20:00:00,11,12.5
1996-07-23 20:00:00,12,11.3
1996-07-23 20:00:00,13,10.6
1996-07-23 20:00:00,14,10
1996-07-23 20:00:00,15,9.7
1996-07-23 20:00:00,16,9.3
1996-07-23 20:00:00,17,9.3
1996-07-23 20:00:00,18,9.2
1996-07-23 20:00:00,19,9.2
1996-07-23 20:00:00,20,9
1996-07-23 20:00:00,21,9
1996-07-23 20:00:00,22,8.8
1996-07-23 20:00:00,23,8.8
1996-07-23 20:00:00,24,8.6
1996-07-23 20:00:00,25,8.6
1996-07-23 20:00:00,26,8.5
1996-07-23 20:00:00,27,8.5
1996-07-23 20:00:00,27.5,8.5
1996-08-13 20:00:00,0.5,22.5
1996-08-13 20:00:00,1,22.5
1996-08-13 20:00:00,2,22.5
1996-08-13 20:00:00,3,22.2
1996-08-13 20:00:00,4,22.2
1996-08-13 20:00:00,5,22
1996-08-13 20:00:00,6,22
1996-08-13 20:00:00,7,21
1996-08-13 20:00:00,8,19.8
1996-08-13 20:00:00,9,17
1996-08-13 20:00:00,10,14.5
1996-08-13 20:00:00,11,12.5
1996-08-13 20:00:00,13,10.5
1996-08-13 20:00:00,14,10
1996-08-13 20:00:00,15,9.9
1996-08-13 20:00:00,16,9.5
1996-08-13 20:00:00,17,9.5
1996-08-13 20:00:00,18,9.1
1996-08-13 20:00:00,19,9.1
1996-08-13 20:00:00,20,9
1996-08-13 20:00:00,21,8.9
1996-08-13 20:00:00,22,8.9
1996-08-13 20:00:00,23,8.9
1996-08-13 20:00:00,24,8.9
1996-08-13 20:00:00,25,8.8
1996-08-13 20:00:00,26,8.7
1996-08-13 20:00:00,27,8.5
1996-08-13 20:00:00,28,8.5
1996-08-13 20:00:00,29,8.5
1996-09-03 20:00:00,0.5,22.4
1996-09-03 20:00:00,1,22.5
1996-09-03 20:00:00,2,22.5
1996-09-03 20:00:00,3,22.4
1996-09-03 20:00:00,4,22.4
1996-09-03 20:00:00,5,22.4
1996-09-03 20:00:00,6,22
1996-09-03 20:00:00,7,21.8
1996-09-03 20:00:00,8,21.8
1996-09-03 20:00:00,9,18
1996-09-03 20:00:00,10,15
1996-09-03 20:00:00,11,13
1996-09-03 20:00:00,12,11.9
1996-09-03 20:00:00,13,11
1996-09-03 20:00:00,14,10.3
1996-09-03 20:00:00,15,9.9
1996-09-03 20:00:00,16,9.5
1996-09-03 20:00:00,17,9.3
1996-09-03 20:00:00,18,9.2
1996-09-03 20:00:00,19,9.1
1996-09-03 20:00:00,20,9.1
1996-09-03 20:00:00,21,9
1996-09-03 20:00:00,22,9
1996-09-03 20:00:00,23,8.9
1996-09-03 20:00:00,24,8.8
1996-09-03 20:00:00,25,8.5
1996-09-03 20:00:00,26,8.5
1996-09-03 20:00:00,27,8.3
1996-09-03 20:00:00,28,8.2
1996-09-03 20:00:00,29,8.2
1996-10-01 20:00:00,0.5,15.8
1996-10-01 20:00:00,1,15.8
1996-10-01 20:00:00,2,15.8
1996-10-01 20:00:00,3,15.8
1996-10-01 20:00:00,4,15.8
1996-10-01 20:00:00,5,15.8
1996-10-01 20:00:00,6,15.8
1996-10-01 20:00:00,7,15.8
1996-10-01 20:00:00,8,15.8
1996-10-01 20:00:00,9,15.8
1996-10-01 20:00:00,10,15.8
1996-10-01 20:00:00,11,15.8
1996-10-01 20:00:00,12,15.2
1996-10-01 20:00:00,13,12.5
1996-10-01 20:00:00,14,10.9
1996-10-01 20:00:00,15,10.3
1996-10-01 20:00:00,16,10
1996-10-01 20:00:00,17,9.8
1996-10-01 20:00:00,18,9.5
1996-10-01 20:00:00,19,9.3
1996-10-01 20:00:00,20,9.1
1996-10-01 20:00:00,21,9
1996-10-01 20:00:00,22,8.9
1996-10-01 20:00:00,23,8.9
1996-10-01 20:00:00,24,8.8
1996-10-01 20:00:00,25,8.6
1996-10-01 20:00:00,26,8.5
1996-10-01 20:00:00,27,8.5
1996-10-01 20:00:00,28,8.5
1996-10-01 20:00:00,29,8.5
1997-06-02 20:00:00,0.5,12.8
1997-06-02 20:00:00,1,12.8
1997-06-02 20:00:00,2,12.7
1997-06-02 20:00:00,3,12.6
1997-06-02 20:00:00,4,12.6
1997-06-02 20:00:00,5,12.5
1997-06-02 20:00:00,6,10.9
1997-06-02 20:00:00,7,9.9
1997-06-02 20:00:00,8,9.2
1997-06-02 20:00:00,9,8.9
1997-06-02 20:00:00,10,8.8
1997-06-02 20:00:00,11,8.7
1997-06-02 20:00:00,12,8.4
1997-06-02 20:00:00,13,8.2
1997-06-02 20:00:00,14,8.2
1997-06-02 20:00:00,15,8.2
1997-06-02 20:00:00,16,8.2
1997-06-02 20:00:00,17,8.1
1997-06-02 20:00:00,18,8.1
1997-06-02 20:00:00,19,8.1
1997-06-02 20:00:00,20,8
1997-06-02 20:00:00,21,7.9
1997-06-02 20:00:00,22,7.9
1997-06-02 20:00:00,23,7.8
1997-06-02 20:00:00,24,7.8
1997-06-02 20:00:00,25,7.8
1997-06-02 20:00:00,26,7.6
1997-06-02 20:00:00,27,7.4
1997-06-02 20:00:00,28,7.2
1997-06-02 20:00:00,29,7.1
1997-07-06 20:00:00,0.5,22.1
1997-07-06 20:00:00,1,22.1
1997-07-06 20:00:00,2,22.2
1997-07-06 20:00:00,3,21.8
1997-07-06 20:00:00,4,21.5
1997-07-06 20:00:00,5,21.2
1997-07-06 20:00:00,6,19.6
1997-07-06 20:00:00,7,14.5
1997-07-06 20:00:00,8,11.7
1997-07-06 20:00:00,9,11.2
1997-07-06 20:00:00,10,10.5
1997-07-06 20:00:00,11,10
1997-07-06 20:00:00,12,9.7
1997-07-06 20:00:00,13,9.3
1997-07-06 20:00:00,14,9
1997-07-06 20:00:00,15,8.8
1997-07-06 20:00:00,16,8.6
1997-07-06 20:00:00,17,8.5
1997-07-06 20:00:00,18,8.4
1997-07-06 20:00:00,19,8.2
1997-07-06 20:00:00,20,8.1
1997-07-06 20:00:00,21,8.1
1997-07-06 20:00:00,22,8
1997-07-06 20:00:00,23,8
1997-07-06 20:00:00,24,8
1997-07-06 20:00:00,25,8
1997-07-06 20:00:00,26,7.9
1997-07-06 20:00:00,27,7.9
1997-07-06 20:00:00,28,8
1997-07-21 20:00:00,0.5,21.5
1997-07-21 20:00:00,1,22.2
1997-07-21 20:00:00,2,21.2
1997-07-21 20:00:00,3,21.2
1997-07-21 20:00:00,4,21.2
1997-07-21 20:00:00,5,21
1997-07-21 20:00:00,6,20.8
1997-07-21 20:00:00,7,20.5
1997-07-21 20:00:00,8,16
1997-07-21 20:00:00,9,12.5
1997-07-21 20:00:00,10,11.2
1997-07-21 20:00:00,11,10.5
1997-07-21 20:00:00,12,10
1997-07-21 20:00:00,13,9.5
1997-07-21 20:00:00,14,9
1997-07-21 20:00:00,15,8.9
1997-07-21 20:00:00,16,8.8
1997-07-21 20:00:00,17,8.3
1997-07-21 20:00:00,18,8.2
1997-07-21 20:00:00,19,8.1
1997-07-21 20:00:00,20,8.1
1997-07-21 20:00:00,21,8.1
1997-07-21 20:00:00,22,8
1997-07-21 20:00:00,23,8
1997-07-21 20:00:00,24,8
1997-07-21 20:00:00,25,8
1997-07-21 20:00:00,26,7.8
1997-07-21 20:00:00,27,7.8
1997-07-21 20:00:00,28,7.8
1997-07-21 20:00:00,29,7.8
1997-07-21 20:00:00,30,7.8
1997-08-11 20:00:00,0.5,22
1997-08-11 20:00:00,1,22.5
1997-08-11 20:00:00,2,22.5
1997-08-11 20:00:00,3,22.5
1997-08-11 20:00:00,4,22.5
1997-08-11 20:00:00,5,22.5
1997-08-11 20:00:00,6,22.5
1997-08-11 20:00:00,7,22
1997-08-11 20:00:00,8,22
1997-08-11 20:00:00,9,14.5
1997-08-11 20:00:00,10,12
1997-08-11 20:00:00,11,11.5
1997-08-11 20:00:00,12,10.5
1997-08-11 20:00:00,13,10
1997-08-11 20:00:00,14,9.9
1997-08-11 20:00:00,15,9
1997-08-11 20:00:00,16,9
1997-08-11 20:00:00,17,9
1997-08-11 20:00:00,18,9
1997-08-11 20:00:00,19,8.8
1997-08-11 20:00:00,20,8.5
1997-08-11 20:00:00,21,8.5
1997-08-11 20:00:00,22,8.2
1997-08-11 20:00:00,23,8.2
1997-08-11 20:00:00,24,8.2
1997-09-09 20:00:00,0.5,19
1997-09-09 20:00:00,1,19
1997-09-09 20:00:00,2,19
1997-09-09 20:00:00,3,19
1997-09-09 20:00:00,4,19
1997-09-09 20:00:00,5,18.9
1997-09-09 20:00:00,6,18.9
1997-09-09 20:00:00,7,18.9
1997-09-09 20:00:00,8,18.9
1997-09-09 20:00:00,9,18.9
1997-09-09 20:00:00,10,15
1997-09-09 20:00:00,11,13
1997-09-09 20:00:00,12,11
1997-09-09 20:00:00,13,10.5
1997-09-09 20:00:00,14,9.8
1997-09-09 20:00:00,15,9.2
1997-09-09 20:00:00,16,9
1997-09-09 20:00:00,17,9
1997-09-09 20:00:00,18,8.8
1997-09-09 20:00:00,19,8.8
1997-09-09 20:00:00,20,8.8
1997-09-09 20:00:00,21,8.5
1997-09-09 20:00:00,22,8.5
1997-09-09 20:00:00,23,8.3
1997-09-09 20:00:00,24,8.3
1997-09-09 20:00:00,25,8
1997-09-09 20:00:00,26,8
1997-09-09 20:00:00,27,8
1997-10-05 20:00:00,0.5,15
1997-10-05 20:00:00,1,14.8
1997-10-05 20:00:00,2,14.5
1997-10-05 20:00:00,3,14
1997-10-05 20:00:00,4,14
1997-10-05 20:00:00,5,14
1997-10-05 20:00:00,6,14
1997-10-05 20:00:00,7,14
1997-10-05 20:00:00,8,14
1997-10-05 20:00:00,9,14
1997-10-05 20:00:00,10,14
1997-10-05 20:00:00,11,14
1997-10-05 20:00:00,12,13.8
1997-10-05 20:00:00,13,12.2
1997-10-05 20:00:00,14,10.5
1997-10-05 20:00:00,15,10
1997-10-05 20:00:00,16,9.8
1997-10-05 20:00:00,17,9.8
1997-10-05 20:00:00,18,9.5
1997-10-05 20:00:00,19,9
1997-10-05 20:00:00,20,9
1997-10-05 20:00:00,21,8.9
1997-10-05 20:00:00,22,8.9
1997-10-05 20:00:00,23,8.9
1997-10-05 20:00:00,24,8.9
1997-10-05 20:00:00,25,8.9
1997-10-05 20:00:00,26,8.5
1997-10-05 20:00:00,27,8.5
1998-05-26 20:00:00,0.5,15.6
1998-05-26 20:00:00,1,15.6
1998-05-26 20:00:00,2,15.5
1998-05-26 20:00:00,3,15.4
1998-05-26 20:00:00,4,15.3
1998-05-26 20:00:00,5,14.7
1998-05-26 20:00:00,6,14.4
1998-05-26 20:00:00,7,13.4
1998-05-26 20:00:00,8,12.6
1998-05-26 20:00:00,9,11.6
1998-05-26 20:00:00,10,10.7
1998-05-26 20:00:00,11,10.2
1998-05-26 20:00:00,12,9.2
1998-05-26 20:00:00,13,8.7
1998-05-26 20:00:00,14,8.5
1998-05-26 20:00:00,15,8.5
1998-05-26 20:00:00,16,8.5
1998-05-26 20:00:00,17,8.5
1998-05-26 20:00:00,18,8.4
1998-05-26 20:00:00,19,8.3
1998-05-26 20:00:00,20,8.1
1998-05-26 20:00:00,21,7.9
1998-05-26 20:00:00,22,7.8
1998-05-26 20:00:00,23,7.8
1998-05-26 20:00:00,24,7.8
1998-05-26 20:00:00,25,7.7
1998-05-26 20:00:00,26,7.7
1998-05-26 20:00:00,27,7.6
1998-05-26 20:00:00,28,7.6
1998-05-26 20:00:00,29,7.5
1998-05-26 20:00:00,30,7.6
1998-05-26 20:00:00,31,7.5
1998-05-26 20:00:00,32,7.5
1998-05-26 20:00:00,33,7.5
1998-06-15 20:00:00,0.5,15
1998-06-15 20:00:00,1,15
1998-06-15 20:00:00,2,15
1998-06-15 20:00:00,3,15
1998-06-15 20:00:00,4,15
1998-06-15 20:00:00,5,15
1998-06-15 20:00:00,6,15
1998-06-15 20:00:00,7,15
1998-06-15 20:00:00,8,15
1998-06-15 20:00:00,9,15
1998-06-15 20:00:00,10,15
1998-06-15 20:00:00,11,14
1998-06-15 20:00:00,12,12
1998-06-15 20:00:00,13,11
1998-06-15 20:00:00,14,9
1998-06-15 20:00:00,15,9
1998-06-15 20:00:00,16,9
1998-06-15 20:00:00,17,8
1998-06-15 20:00:00,18,8
1998-06-15 20:00:00,19,8
1998-06-15 20:00:00,20,8
1998-06-15 20:00:00,21,8
1998-06-15 20:00:00,22,8
1998-06-15 20:00:00,23,7
1998-06-15 20:00:00,24,7
1998-06-15 20:00:00,25,7
1998-07-05 20:00:00,0.5,22.9
1998-07-05 20:00:00,1,22
1998-07-05 20:00:00,2,21.5
1998-07-05 20:00:00,3,21
1998-07-05 20:00:00,4,21
1998-07-05 20:00:00,5,20
1998-07-05 20:00:00,6,18
1998-07-05 20:00:00,7,16
1998-07-05 20:00:00,8,15.7
1998-07-05 20:00:00,9,15
1998-07-05 20:00:00,10,14
1998-07-05 20:00:00,11,13.5
1998-07-05 20:00:00,12,11.5
1998-07-05 20:00:00,13,11
1998-07-05 20:00:00,14,10
1998-07-05 20:00:00,15,9.7
1998-07-05 20:00:00,16,9
1998-07-05 20:00:00,17,9
1998-07-05 20:00:00,18,8.7
1998-07-05 20:00:00,19,8.5
1998-07-05 20:00:00,20,8.5
1998-07-05 20:00:00,21,8.1
1998-07-05 20:00:00,22,8
1998-07-05 20:00:00,23,8
1998-07-05 20:00:00,24,8
1998-07-05 20:00:00,25,8
1998-07-05 20:00:00,26,8
1998-07-05 20:00:00,27,8
1998-07-27 20:00:00,0.5,22
1998-07-27 20:00:00,1,22
1998-07-27 20:00:00,2,23
1998-07-27 20:00:00,3,23
1998-07-27 20:00:00,4,22
1998-07-27 20:00:00,5,22
1998-07-27 20:00:00,6,22
1998-07-27 20:00:00,7,21.5
1998-07-27 20:00:00,8,21
1998-07-27 20:00:00,9,20
1998-07-27 20:00:00,10,19
1998-07-27 20:00:00,11,18
1998-07-27 20:00:00,12,17
1998-07-27 20:00:00,13,16.2
1998-07-27 20:00:00,14,15.5
1998-07-27 20:00:00,15,14.2
1998-07-27 20:00:00,16,13.5
1998-07-27 20:00:00,17,13.1
1998-07-27 20:00:00,18,11
1998-07-27 20:00:00,19,11.2
1998-07-27 20:00:00,20,10.5
1998-07-27 20:00:00,21,10
1998-07-27 20:00:00,22,9.8
1998-07-27 20:00:00,23,9.5
1998-07-27 20:00:00,24,9.3
1998-08-17 20:00:00,0.5,23
1998-08-17 20:00:00,1,23
1998-08-17 20:00:00,2,23
1998-08-17 20:00:00,3,23
1998-08-17 20:00:00,4,23
1998-08-17 20:00:00,5,23
1998-08-17 20:00:00,6,23
1998-08-17 20:00:00,7,22
1998-08-17 20:00:00,8,19
1998-08-17 20:00:00,9,18
1998-08-17 20:00:00,10,16
1998-08-17 20:00:00,11,13.5
1998-08-17 20:00:00,12,13
1998-08-17 20:00:00,13,12
1998-08-17 20:00:00,14,11
1998-08-17 20:00:00,15,10
1998-08-17 20:00:00,16,10
1998-08-17 20:00:00,17,10.5
1998-08-17 20:00:00,18,9
1998-08-17 20:00:00,19,9
1998-08-17 20:00:00,20,9
1998-08-17 20:00:00,21,9
1998-08-17 20:00:00,22,9.5
1998-08-17 20:00:00,23,8.5
1998-08-17 20:00:00,24,8.5
1998-08-17 20:00:00,25,8
1998-08-17 20:00:00,26,8
1998-08-17 20:00:00,27,8
1998-09-08 20:00:00,1,20
1998-09-08 20:00:00,2,20
1998-09-08 20:00:00,3,20
1998-09-08 20:00:00,4,20
1998-09-08 20:00:00,5,20
1998-09-08 20:00:00,6,20
1998-09-08 20:00:00,7,20
1998-09-08 20:00:00,8,20
1998-09-08 20:00:00,9,20
1998-09-08 20:00:00,10,19
1998-09-08 20:00:00,11,16
1998-09-08 20:00:00,12,15
1998-09-08 20:00:00,13,15
1998-09-08 20:00:00,14,13
1998-09-08 20:00:00,15,13
1998-09-08 20:00:00,16,12
1998-09-08 20:00:00,17,11
1998-09-08 20:00:00,18,10
1998-09-08 20:00:00,19,10
1998-09-08 20:00:00,20,10
1998-09-08 20:00:00,21,9
1998-09-08 20:00:00,22,9
1998-09-08 20:00:00,23,9
1998-09-08 20:00:00,24,9
1998-09-08 20:00:00,25,9
1998-09-26 20:00:00,8.7,18.1
1999-06-06 20:00:00,0.5,19.5
1999-06-06 20:00:00,1,19.5
1999-06-06 20:00:00,2,19.2
1999-06-06 20:00:00,3,18.5
1999-06-06 20:00:00,4,18
1999-06-06 20:00:00,5,17.9
1999-06-06 20:00:00,6,17.2
1999-06-06 20:00:00,7,16.5
1999-06-06 20:00:00,8,15.5
1999-06-06 20:00:00,9,14
1999-06-06 20:00:00,10,12.5
1999-06-06 20:00:00,11,11
1999-06-06 20:00:00,12,9.5
1999-06-06 20:00:00,13,9
1999-06-06 20:00:00,14,8.9
1999-06-06 20:00:00,15,8.5
1999-06-06 20:00:00,16,8.2
1999-06-06 20:00:00,17,8
1999-06-06 20:00:00,18,8
1999-06-06 20:00:00,19,8
1999-06-06 20:00:00,20,8
1999-06-06 20:00:00,21,7.5
1999-06-06 20:00:00,22,7.5
1999-06-06 20:00:00,23,7.5
1999-06-06 20:00:00,24,7.5
1999-06-06 20:00:00,25,7.5
1999-06-06 20:00:00,26,7.5
1999-06-27 20:00:00,0.5,23
1999-06-27 20:00:00,1,23
1999-06-27 20:00:00,2,23
1999-06-27 20:00:00,3,23
1999-06-27 20:00:00,4,22.5
1999-06-27 20:00:00,5,21
1999-06-27 20:00:00,6,20.2
1999-06-27 20:00:00,7,19.1
1999-06-27 20:00:00,8,16.5
1999-06-27 20:00:00,9,14
1999-06-27 20:00:00,10,13
1999-06-27 20:00:00,11,11.5
1999-06-27 20:00:00,12,10.5
1999-06-27 20:00:00,13,9.8
1999-06-27 20:00:00,14,9
1999-06-27 20:00:00,15,9
1999-06-27 20:00:00,16,8.8
1999-06-27 20:00:00,17,8.8
1999-06-27 20:00:00,18,8.8
1999-06-27 20:00:00,19,8.5
1999-06-27 20:00:00,20,8.2
1999-06-27 20:00:00,21,8.2
1999-06-27 20:00:00,22,8
1999-06-27 20:00:00,23,8
1999-06-27 20:00:00,24,8
1999-06-27 20:00:00,25,7.8
1999-06-27 20:00:00,26,7.8
1999-06-27 20:00:00,27,7.8
1999-06-27 20:00:00,28,7.5
1999-06-27 20:00:00,29,7.5
1999-07-19 20:00:00,0.5,23
1999-07-19 20:00:00,1,23
1999-07-19 20:00:00,2,23
1999-07-19 20:00:00,3,23
1999-07-19 20:00:00,4,23
1999-07-19 20:00:00,5,23.1
1999-07-19 20:00:00,6,23.1
1999-07-19 20:00:00,7,22
1999-07-19 20:00:00,8,21
1999-07-19 20:00:00,9,21
1999-07-19 20:00:00,10,15.5
1999-07-19 20:00:00,11,14.1
1999-07-19 20:00:00,12,13
1999-07-19 20:00:00,13,11
1999-07-19 20:00:00,14,10.5
1999-07-19 20:00:00,15,10
1999-07-19 20:00:00,16,9.5
1999-07-19 20:00:00,17,9.1
1999-07-19 20:00:00,18,9
1999-07-19 20:00:00,19,8.9
1999-07-19 20:00:00,20,8.5
1999-07-19 20:00:00,21,8.4
1999-07-19 20:00:00,22,8.1
1999-07-19 20:00:00,23,8
1999-08-09 20:00:00,0.5,22
1999-08-09 20:00:00,1,22
1999-08-09 20:00:00,2,22
1999-08-09 20:00:00,3,22
1999-08-09 20:00:00,4,21.8
1999-08-09 20:00:00,5,21.8
1999-08-09 20:00:00,6,21.8
1999-08-09 20:00:00,7,21.8
1999-08-09 20:00:00,8,21.8
1999-08-09 20:00:00,9,21.8
1999-08-09 20:00:00,10,17
1999-08-09 20:00:00,11,14
1999-08-09 20:00:00,12,12
1999-08-09 20:00:00,13,11
1999-08-09 20:00:00,14,10
1999-08-09 20:00:00,15,9.2
1999-08-09 20:00:00,16,9
1999-08-09 20:00:00,17,9
1999-08-09 20:00:00,18,8.8
1999-08-09 20:00:00,19,8.8
1999-08-09 20:00:00,20,8.5
1999-08-09 20:00:00,21,8.2
1999-08-09 20:00:00,22,8.1
1999-08-09 20:00:00,23,8
1999-08-09 20:00:00,24,8
1999-08-09 20:00:00,25,8
1999-08-09 20:00:00,26,8
1999-08-09 20:00:00,27,7.9
1999-09-01 20:00:00,0.5,21.5
1999-09-01 20:00:00,1,22
1999-09-01 20:00:00,2,22
1999-09-01 20:00:00,3,22
1999-09-01 20:00:00,4,22
1999-09-01 20:00:00,5,21.5
1999-09-01 20:00:00,6,21.5
1999-09-01 20:00:00,7,21
1999-09-01 20:00:00,8,21
1999-09-01 20:00:00,9,21
1999-09-01 20:00:00,10,19
1999-09-01 20:00:00,11,15
1999-09-01 20:00:00,12,18
1999-09-01 20:00:00,13,11
1999-09-01 20:00:00,14,10.5
1999-09-01 20:00:00,15,10
1999-09-01 20:00:00,16,9.5
1999-09-01 20:00:00,17,9
1999-09-01 20:00:00,18,9
1999-09-01 20:00:00,19,9
1999-09-01 20:00:00,20,9
1999-09-01 20:00:00,21,8.5
1999-09-01 20:00:00,22,8
1999-09-01 20:00:00,23,8.5
1999-09-01 20:00:00,24,8
1999-09-01 20:00:00,25,8
1999-09-01 20:00:00,26,8
1999-09-20 20:00:00,0.5,18.5
1999-09-20 20:00:00,1,18.5
1999-09-20 20:00:00,2,18.5
1999-09-20 20:00:00,3,18.5
1999-09-20 20:00:00,4,18.5
1999-09-20 20:00:00,5,18.5
1999-09-20 20:00:00,6,18.5
1999-09-20 20:00:00,7,18.5
1999-09-20 20:00:00,8,18.5
1999-09-20 20:00:00,9,18.5
1999-09-20 20:00:00,10,18.4
1999-09-20 20:00:00,11,18
1999-09-20 20:00:00,12,17
1999-09-20 20:00:00,13,15
1999-09-20 20:00:00,14,12.5
1999-09-20 20:00:00,15,11.1
1999-09-20 20:00:00,16,10
1999-09-20 20:00:00,17,9.8
1999-09-20 20:00:00,18,9.5
1999-09-20 20:00:00,19,9.1
1999-09-20 20:00:00,20,9
1999-09-20 20:00:00,21,8.6
1999-09-20 20:00:00,22,8.5
1999-09-20 20:00:00,23,8.4
1999-09-20 20:00:00,24,8.4
1999-09-20 20:00:00,25,8.2
1999-09-20 20:00:00,26,8.1
1999-09-20 20:00:00,27,8
1999-09-20 20:00:00,28,8
1999-10-11 20:00:00,0.5,13.8
1999-10-11 20:00:00,1,14
1999-10-11 20:00:00,2,14
1999-10-11 20:00:00,3,14
1999-10-11 20:00:00,4,14
1999-10-11 20:00:00,5,14
1999-10-11 20:00:00,6,14
1999-10-11 20:00:00,7,14
1999-10-11 20:00:00,8,14
1999-10-11 20:00:00,9,14
1999-10-11 20:00:00,10,14
1999-10-11 20:00:00,11,14
1999-10-11 20:00:00,12,14
1999-10-11 20:00:00,13,14
1999-10-11 20:00:00,14,14
1999-10-11 20:00:00,15,14
1999-10-11 20:00:00,16,11
1999-10-11 20:00:00,17,10
1999-10-11 20:00:00,18,9.5
1999-10-11 20:00:00,19,9.5
1999-10-11 20:00:00,20,9
1999-10-11 20:00:00,21,9
1999-10-11 20:00:00,22,9
1999-10-11 20:00:00,23,9
1999-10-11 20:00:00,24,8.5
1999-10-11 20:00:00,25,8.5
1999-10-11 20:00:00,26,8.5
1999-10-11 20:00:00,27,8.5
1999-10-11 20:00:00,28,8.5
1999-10-11 20:00:00,29,8.5
2000-07-05 20:00:00,0.5,21.5
2000-07-05 20:00:00,1,21.5
2000-07-05 20:00:00,2,21.5
2000-07-05 20:00:00,3,21.4
2000-07-05 20:00:00,4,21.4
2000-07-05 20:00:00,5,21.4
2000-07-05 20:00:00,6,21.4
2000-07-05 20:00:00,7,18.3
2000-07-05 20:00:00,8,16.8
2000-07-05 20:00:00,9,15.2
2000-07-05 20:00:00,10,13.4
2000-07-05 20:00:00,11,12.6
2000-07-05 20:00:00,12,11.8
2000-07-05 20:00:00,13,11
2000-07-05 20:00:00,14,10.6
2000-07-05 20:00:00,15,10.5
2000-07-05 20:00:00,16,10.1
2000-07-05 20:00:00,17,9.4
2000-07-05 20:00:00,18,9.1
2000-07-05 20:00:00,19,8.9
2000-07-05 20:00:00,20,8.7
2000-07-05 20:00:00,21,8.6
2000-07-05 20:00:00,22,8.5
2000-07-05 20:00:00,23,8.3
2000-07-05 20:00:00,24,8.2
2000-07-05 20:00:00,25,8.2
2000-07-05 20:00:00,26,8.1
2000-07-05 20:00:00,27,8.1
2000-07-05 20:00:00,28,8.1
2000-07-05 20:00:00,29,8
2000-07-05 20:00:00,30,8
2000-07-23 20:00:00,0.5,21.2
2000-07-23 20:00:00,1,21
2000-07-23 20:00:00,2,20.9
2000-07-23 20:00:00,3,20.9
2000-07-23 20:00:00,4,20.8
2000-07-23 20:00:00,5,20.7
2000-07-23 20:00:00,6,20.6
2000-07-23 20:00:00,7,20.5
2000-07-23 20:00:00,8,19.1
2000-07-23 20:00:00,9,15.3
2000-07-23 20:00:00,10,14.2
2000-07-23 20:00:00,11,12.9
2000-07-23 20:00:00,12,11.8
2000-07-23 20:00:00,13,11.2
2000-07-23 20:00:00,14,10.6
2000-07-23 20:00:00,15,10
2000-07-23 20:00:00,16,9.7
2000-07-23 20:00:00,17,9.4
2000-07-23 20:00:00,18,9.4
2000-07-23 20:00:00,19,9.2
2000-07-23 20:00:00,20,9.1
2000-07-23 20:00:00,21,8.9
2000-07-23 20:00:00,22,8.8
2000-07-23 20:00:00,23,8.7
2000-07-23 20:00:00,24,8.7
2000-07-23 20:00:00,25,8.6
2000-07-23 20:00:00,26,8.4
2000-07-23 20:00:00,27,8.3
2000-07-23 20:00:00,28,8.2
2000-07-23 20:00:00,29,8.2
2000-08-12 20:00:00,0.5,21.9
2000-08-12 20:00:00,1,21.8
2000-08-12 20:00:00,2,21.8
2000-08-12 20:00:00,3,21.5
2000-08-12 20:00:00,4,21.4
2000-08-12 20:00:00,5,21.4
2000-08-12 20:00:00,6,21.4
2000-08-12 20:00:00,7,21.4
2000-08-12 20:00:00,8,19.5
2000-08-12 20:00:00,9,18.1
2000-08-12 20:00:00,10,15.1
2000-08-12 20:00:00,11,13.2
2000-08-12 20:00:00,12,12.2
2000-08-12 20:00:00,13,11.4
2000-08-12 20:00:00,14,10.7
2000-08-12 20:00:00,15,10.2
2000-08-12 20:00:00,16,9.8
2000-08-12 20:00:00,17,9.6
2000-08-12 20:00:00,18,9.5
2000-08-12 20:00:00,19,9.3
2000-08-12 20:00:00,20,9.2
2000-08-12 20:00:00,21,9
2000-08-12 20:00:00,22,8.8
2000-08-12 20:00:00,23,8.7
2000-08-12 20:00:00,24,8.7
2000-08-12 20:00:00,25,8.6
2000-08-12 20:00:00,26,8.6
2000-08-12 20:00:00,27,8.5
2000-08-12 20:00:00,28,8.5
2000-08-12 20:00:00,29,8.5
2000-09-05 20:00:00,0.5,20
2000-09-05 20:00:00,1,20.2
2000-09-05 20:00:00,2,20.2
2000-09-05 20:00:00,3,20.1
2000-09-05 20:00:00,4,20.1
2000-09-05 20:00:00,5,20.1
2000-09-05 20:00:00,6,20.1
2000-09-05 20:00:00,7,20.1
2000-09-05 20:00:00,8,20.1
2000-09-05 20:00:00,9,20.1
2000-09-05 20:00:00,10,16.4
2000-09-05 20:00:00,11,13.4
2000-09-05 20:00:00,12,12.3
2000-09-05 20:00:00,13,11.7
2000-09-05 20:00:00,14,10.8
2000-09-05 20:00:00,15,10.3
2000-09-05 20:00:00,16,10
2000-09-05 20:00:00,17,9.7
2000-09-05 20:00:00,18,9.6
2000-09-05 20:00:00,19,9.4
2000-09-05 20:00:00,20,9.2
2000-09-05 20:00:00,21,9.1
2000-09-05 20:00:00,22,9.1
2000-09-05 20:00:00,23,9
2000-09-05 20:00:00,24,8.9
2000-09-05 20:00:00,25,8.7
2000-09-05 20:00:00,26,8.7
2000-09-05 20:00:00,27,8.6
2000-09-05 20:00:00,28,8.5
2000-09-05 20:00:00,29,8.5
2000-10-02 20:00:00,0.5,16.6
2000-10-02 20:00:00,1,16.4
2000-10-02 20:00:00,2,16.3
2000-10-02 20:00:00,3,16.2
2000-10-02 20:00:00,4,16.2
2000-10-02 20:00:00,5,16
2000-10-02 20:00:00,6,15.9
2000-10-02 20:00:00,7,15.9
2000-10-02 20:00:00,8,15.8
2000-10-02 20:00:00,9,15.7
2000-10-02 20:00:00,10,15.7
2000-10-02 20:00:00,11,15.6
2000-10-02 20:00:00,12,15.6
2000-10-02 20:00:00,13,15.6
2000-10-02 20:00:00,14,15.6
2000-10-02 20:00:00,15,15.6
2000-10-02 20:00:00,16,10.5
2000-10-02 20:00:00,17,10.4
2000-10-02 20:00:00,18,10.5
2000-10-02 20:00:00,19,10.2
2000-10-02 20:00:00,20,10.1
2000-10-02 20:00:00,21,9.7
2000-10-02 20:00:00,22,9.5
2000-10-02 20:00:00,23,9.3
2000-10-02 20:00:00,24,9.1
2000-10-02 20:00:00,25,8.9
2000-10-02 20:00:00,26,8.8
2000-10-02 20:00:00,27,8.7
2001-05-29 20:00:00,0.5,13
2001-05-29 20:00:00,1,12.9
2001-05-29 20:00:00,2,12.9
2001-05-29 20:00:00,3,12.9
2001-05-29 20:00:00,4,12.8
2001-05-29 20:00:00,5,12.9
2001-05-29 20:00:00,6,12.8
2001-05-29 20:00:00,7,12.6
2001-05-29 20:00:00,8,9.1
2001-05-29 20:00:00,9,8.4
2001-05-29 20:00:00,10,8
2001-05-29 20:00:00,11,7.8
2001-05-29 20:00:00,12,7.6
2001-05-29 20:00:00,13,7.5
2001-05-29 20:00:00,14,7.3
2001-05-29 20:00:00,15,7.2
2001-05-29 20:00:00,16,7.1
2001-05-29 20:00:00,17,7.1
2001-05-29 20:00:00,18,6.9
2001-06-24 20:00:00,0.5,20.8
2001-06-24 20:00:00,1,20.7
2001-06-24 20:00:00,2,20.7
2001-06-24 20:00:00,3,20.6
2001-06-24 20:00:00,4,20.5
2001-06-24 20:00:00,5,18.2
2001-06-24 20:00:00,6,14.5
2001-06-24 20:00:00,7,13.6
2001-06-24 20:00:00,8,12.2
2001-06-24 20:00:00,9,11
2001-06-24 20:00:00,10,10
2001-06-24 20:00:00,11,9.2
2001-06-24 20:00:00,12,8.9
2001-06-24 20:00:00,13,8.4
2001-06-24 20:00:00,14,8.3
2001-06-24 20:00:00,15,8.1
2001-06-24 20:00:00,27,7.2
2001-07-22 20:00:00,0.5,22.8
2001-07-22 20:00:00,1,22.6
2001-07-22 20:00:00,2,22.6
2001-07-22 20:00:00,3,22.5
2001-07-22 20:00:00,4,22.4
2001-07-22 20:00:00,5,21.7
2001-07-22 20:00:00,6,21.1
2001-07-22 20:00:00,7,19.9
2001-07-22 20:00:00,8,14.5
2001-07-22 20:00:00,9,12.7
2001-07-22 20:00:00,10,11.3
2001-07-22 20:00:00,11,10.4
2001-07-22 20:00:00,12,9.8
2001-07-22 20:00:00,13,9.2
2001-07-22 20:00:00,14,8.8
2001-07-22 20:00:00,15,8.5
2001-07-22 20:00:00,16,8.3
2001-07-22 20:00:00,17,8.1
2001-07-22 20:00:00,18,8
2001-07-22 20:00:00,19,7.9
2001-07-22 20:00:00,20,7.8
2001-07-22 20:00:00,21,7.7
2001-07-22 20:00:00,22,7.7
2001-07-22 20:00:00,23,7.6
2001-07-22 20:00:00,24,7.5
2001-07-22 20:00:00,25,7.4
2001-07-22 20:00:00,26,7.4
2001-07-22 20:00:00,27,7.4
2001-07-22 20:00:00,28,7.4
2001-07-22 20:00:00,29,7.4
2001-08-20 20:00:00,0.5,23.3
2001-08-20 20:00:00,1,23.3
2001-08-20 20:00:00,2,23.3
2001-08-20 20:00:00,3,23.4
2001-08-20 20:00:00,4,23.4
2001-08-20 20:00:00,5,23.4
2001-08-20 20:00:00,6,23.4
2001-08-20 20:00:00,7,23.3
2001-08-20 20:00:00,8,17.3
2001-08-20 20:00:00,9,14.4
2001-08-20 20:00:00,10,12.5
2001-08-20 20:00:00,11,11.2
2001-08-20 20:00:00,12,10.4
2001-08-20 20:00:00,13,9.8
2001-08-20 20:00:00,14,9.4
2001-08-20 20:00:00,15,8.9
2001-08-20 20:00:00,16,8.6
2001-08-20 20:00:00,17,8.4
2001-08-20 20:00:00,18,8.2
2001-08-20 20:00:00,19,8.2
2001-08-20 20:00:00,20,8
2001-08-20 20:00:00,21,7.9
2001-08-20 20:00:00,22,7.8
2001-08-20 20:00:00,23,7.7
2001-08-20 20:00:00,24,7.6
2001-08-20 20:00:00,25,7.6
2001-08-20 20:00:00,26,7.5
2001-08-20 20:00:00,27,7.5
2001-08-20 20:00:00,28,7.5
2001-08-20 20:00:00,29,7.5
2001-09-16 20:00:00,0.5,19.4
2001-09-16 20:00:00,1,19.4
2001-09-16 20:00:00,2,19.4
2001-09-16 20:00:00,3,19.4
2001-09-16 20:00:00,4,19.4
2001-09-16 20:00:00,5,19.4
2001-09-16 20:00:00,6,19.4
2001-09-16 20:00:00,7,19.4
2001-09-16 20:00:00,8,18.7
2001-09-16 20:00:00,9,18.5
2001-09-16 20:00:00,10,15.1
2001-09-16 20:00:00,11,12.6
2001-09-16 20:00:00,12,10.9
2001-09-16 20:00:00,13,10
2001-09-16 20:00:00,14,9.6
2001-09-16 20:00:00,15,9.2
2001-09-16 20:00:00,16,8.8
2001-09-16 20:00:00,17,8.6
2001-09-16 20:00:00,18,8.4
2001-09-16 20:00:00,19,8.3
2001-09-16 20:00:00,20,8.2
2001-09-16 20:00:00,21,8
2001-09-16 20:00:00,22,7.9
2001-09-16 20:00:00,23,7.8
2001-09-16 20:00:00,24,7.7
2001-09-16 20:00:00,25,7.6
2001-09-16 20:00:00,26,7.5
2002-06-16 20:00:00,0.5,16
2002-06-16 20:00:00,1,15.9
2002-06-16 20:00:00,2,15.7
2002-06-16 20:00:00,3,15.6
2002-06-16 20:00:00,4,15.5
2002-06-16 20:00:00,5,15.5
2002-06-16 20:00:00,6,15.5
2002-06-16 20:00:00,7,15.4
2002-06-16 20:00:00,8,14.8
2002-06-16 20:00:00,9,13.4
2002-06-16 20:00:00,10,12.7
2002-06-16 20:00:00,11,11.8
2002-06-16 20:00:00,12,11.3
2002-06-16 20:00:00,13,10.8
2002-06-16 20:00:00,14,10.7
2002-06-16 20:00:00,15,10.5
2002-06-16 20:00:00,16,10.4
2002-06-16 20:00:00,17,10.1
2002-06-16 20:00:00,18,10
2002-06-16 20:00:00,19,10
2002-06-16 20:00:00,20,9.9
2002-06-16 20:00:00,21,9.9
2002-06-16 20:00:00,22,9.7
2002-06-16 20:00:00,23,9.7
2002-06-16 20:00:00,24,9.6
2002-06-16 20:00:00,25,9.6
2002-06-16 20:00:00,26,9.6
2002-06-16 20:00:00,27,9.5
2002-06-16 20:00:00,28,9.5
2002-06-16 20:00:00,29,9.4
2002-07-28 20:00:00,0.5,22.7
2002-07-28 20:00:00,1,22.6
2002-07-28 20:00:00,2,22.4
2002-07-28 20:00:00,3,22.4
2002-07-28 20:00:00,4,22.3
2002-07-28 20:00:00,5,22.3
2002-07-28 20:00:00,6,22.2
2002-07-28 20:00:00,7,21.9
2002-07-28 20:00:00,8,19.6
2002-07-28 20:00:00,9,17.2
2002-07-28 20:00:00,10,15.3
2002-07-28 20:00:00,11,13.8
2002-07-28 20:00:00,12,12.9
2002-07-28 20:00:00,13,12.3
2002-07-28 20:00:00,14,11.8
2002-07-28 20:00:00,15,11.5
2002-07-28 20:00:00,16,11
2002-07-28 20:00:00,17,10.8
2002-07-28 20:00:00,18,10.7
2002-07-28 20:00:00,19,10.7
2002-07-28 20:00:00,20,10.4
2002-07-28 20:00:00,21,10.3
2002-07-28 20:00:00,22,10
2002-07-28 20:00:00,23,10
2002-07-28 20:00:00,24,9.9
2002-07-28 20:00:00,25,9.8
2002-07-28 20:00:00,26,9.8
2002-07-28 20:00:00,27,9.8
2002-07-28 20:00:00,28,9.8
2002-07-28 20:00:00,29,9.5
2002-08-18 20:00:00,0.5,24.7
2002-08-18 20:00:00,1,24.7
2002-08-18 20:00:00,2,24.7
2002-08-18 20:00:00,3,24.7
2002-08-18 20:00:00,4,24.7
2002-08-18 20:00:00,5,24.7
2002-08-18 20:00:00,6,23.8
2002-08-18 20:00:00,7,22.9
2002-08-18 20:00:00,8,21.5
2002-08-18 20:00:00,9,20.3
2002-08-18 20:00:00,10,16.8
2002-08-18 20:00:00,11,14.8
2002-08-18 20:00:00,12,13.6
2002-08-18 20:00:00,13,12.6
2002-08-18 20:00:00,14,11.9
2002-08-18 20:00:00,15,11.3
2002-08-18 20:00:00,16,11.2
2002-08-18 20:00:00,17,10.9
2002-08-18 20:00:00,18,10.8
2002-08-18 20:00:00,19,10.7
2002-08-18 20:00:00,20,10.6
2002-08-18 20:00:00,21,10.3
2002-08-18 20:00:00,22,10.1
2002-08-18 20:00:00,23,10
2002-08-18 20:00:00,24,10
2002-08-18 20:00:00,25,9.9
2002-08-18 20:00:00,26,9.9
2002-08-18 20:00:00,27,9.9
2002-08-18 20:00:00,28,9.7
2002-09-29 20:00:00,0.5,18
2002-09-29 20:00:00,1,18.3
2002-09-29 20:00:00,2,18.3
2002-09-29 20:00:00,3,18.3
2002-09-29 20:00:00,4,18.4
2002-09-29 20:00:00,5,18.4
2002-09-29 20:00:00,6,18.4
2002-09-29 20:00:00,7,18.4
2002-09-29 20:00:00,8,18.4
2002-09-29 20:00:00,9,18.4
2002-09-29 20:00:00,10,18.4
2002-09-29 20:00:00,11,18.4
2002-09-29 20:00:00,12,17.3
2002-09-29 20:00:00,13,15.1
2002-09-29 20:00:00,14,13.2
2002-09-29 20:00:00,15,12.3
2002-09-29 20:00:00,16,11.6
2002-09-29 20:00:00,17,11.3
2002-09-29 20:00:00,18,11.1
2002-09-29 20:00:00,19,10.9
2002-09-29 20:00:00,20,10.7
2002-09-29 20:00:00,21,10.6
2002-09-29 20:00:00,22,10.5
2002-09-29 20:00:00,23,10.4
2002-09-29 20:00:00,24,10.3
2002-09-29 20:00:00,25,10.2
2002-09-29 20:00:00,26,10
2002-09-29 20:00:00,27,9.9
2002-09-29 20:00:00,28,9.9
2002-09-29 20:00:00,29,9.7
2003-06-22 20:00:00,0.5,18.8
2003-06-22 20:00:00,1,18.7
2003-06-22 20:00:00,2,18.6
2003-06-22 20:00:00,3,18.5
2003-06-22 20:00:00,4,18.1
2003-06-22 20:00:00,5,17.1
2003-06-22 20:00:00,6,15.9
2003-06-22 20:00:00,7,15.1
2003-06-22 20:00:00,8,14
2003-06-22 20:00:00,9,12.1
2003-06-22 20:00:00,10,10.2
2003-06-22 20:00:00,11,9.5
2003-06-22 20:00:00,12,8.9
2003-06-22 20:00:00,13,8.7
2003-06-22 20:00:00,14,8.4
2003-06-22 20:00:00,15,8
2003-06-22 20:00:00,16,7.7
2003-06-22 20:00:00,17,7.5
2003-06-22 20:00:00,18,7.4
2003-06-22 20:00:00,19,7.3
2003-06-22 20:00:00,20,7.2
2003-06-22 20:00:00,21,7.2
2003-06-22 20:00:00,22,7
2003-06-22 20:00:00,23,7
2003-06-22 20:00:00,24,6.9
2003-06-22 20:00:00,25,6.8
2003-06-22 20:00:00,26,6.8
2003-06-22 20:00:00,27,6.8
2003-06-22 20:00:00,28,6.7
2003-06-22 20:00:00,29,6.7
2003-08-17 20:00:00,0.5,24.4
2003-08-17 20:00:00,1,24.4
2003-08-17 20:00:00,2,24.4
2003-08-17 20:00:00,3,24.4
2003-08-17 20:00:00,4,24.3
2003-08-17 20:00:00,5,24.3
2003-08-17 20:00:00,6,24.3
2003-08-17 20:00:00,7,22.7
2003-08-17 20:00:00,8,18.1
2003-08-17 20:00:00,9,16.2
2003-08-17 20:00:00,10,13.8
2003-08-17 20:00:00,11,12.2
2003-08-17 20:00:00,12,11.1
2003-08-17 20:00:00,13,10.1
2003-08-17 20:00:00,14,9.4
2003-08-17 20:00:00,15,8.8
2003-08-17 20:00:00,16,8.5
2003-08-17 20:00:00,17,8.3
2003-08-17 20:00:00,18,8.1
2003-08-17 20:00:00,19,8
2003-08-17 20:00:00,20,7.9
2003-08-17 20:00:00,21,7.8
2003-08-17 20:00:00,22,7.6
2003-08-17 20:00:00,23,7.5
2003-08-17 20:00:00,24,7.4
2003-08-17 20:00:00,25,7.4
2003-08-17 20:00:00,26,7.3
2003-08-17 20:00:00,27,7.3
2003-08-17 20:00:00,28,7.3
2003-08-17 20:00:00,29,7.2
2003-09-21 20:00:00,0.5,19.4
2003-09-21 20:00:00,1,19.4
2003-09-21 20:00:00,2,19.5
2003-09-21 20:00:00,3,19.5
2003-09-21 20:00:00,4,19.5
2003-09-21 20:00:00,5,19.5
2003-09-21 20:00:00,6,19.5
2003-09-21 20:00:00,7,19.5
2003-09-21 20:00:00,8,19.5
2003-09-21 20:00:00,9,19
2003-09-21 20:00:00,10,16.7
2003-09-21 20:00:00,11,12.5
2003-09-21 20:00:00,12,11.4
2003-09-21 20:00:00,13,10.3
2003-09-21 20:00:00,14,9.6
2003-09-21 20:00:00,15,9.1
2003-09-21 20:00:00,16,8.8
2003-09-21 20:00:00,17,8.7
2003-09-21 20:00:00,18,8.4
2003-09-21 20:00:00,19,8.3
2003-09-21 20:00:00,20,8.1
2003-09-21 20:00:00,21,8.1
2003-09-21 20:00:00,22,7.9
2003-09-21 20:00:00,23,7.7
2003-09-21 20:00:00,24,7.7
2003-09-21 20:00:00,25,7.6
2003-09-21 20:00:00,26,7.6
2003-09-21 20:00:00,27,7.5
2003-09-21 20:00:00,28,7.4
2003-09-21 20:00:00,29,7.4
2003-09-21 20:00:00,29.5,7.4
2004-05-24 20:00:00,0.5,14.8
2004-05-24 20:00:00,1,14.7
2004-05-24 20:00:00,2,14.6
2004-05-24 20:00:00,3,14.5
2004-05-24 20:00:00,4,14.5
2004-05-24 20:00:00,5,14.5
2004-05-24 20:00:00,6,14.5
2004-05-24 20:00:00,7,14.5
2004-05-24 20:00:00,8,12
2004-05-24 20:00:00,9,10.5
2004-05-24 20:00:00,10,9.7
2004-05-24 20:00:00,11,9.3
2004-05-24 20:00:00,12,9.1
2004-05-24 20:00:00,13,8.9
2004-05-24 20:00:00,14,8.6
2004-05-24 20:00:00,15,8.3
2004-05-24 20:00:00,16,8.1
2004-05-24 20:00:00,17,8
2004-05-24 20:00:00,18,8
2004-05-24 20:00:00,19,8
2004-05-24 20:00:00,20,8
2004-05-24 20:00:00,21,8
2004-05-24 20:00:00,22,7.8
2004-05-24 20:00:00,23,7.8
2004-05-24 20:00:00,24,7.7
2004-05-24 20:00:00,25,7.7
2004-05-24 20:00:00,26,7.6
2004-05-24 20:00:00,27,7.6
2004-05-24 20:00:00,28,7.6
2004-05-24 20:00:00,29,7.6
2004-06-20 20:00:00,0.5,18.8
2004-06-20 20:00:00,1,18.8
2004-06-20 20:00:00,2,18.8
2004-06-20 20:00:00,3,18.8
2004-06-20 20:00:00,4,18.6
2004-06-20 20:00:00,5,18.5
2004-06-20 20:00:00,6,17.3
2004-06-20 20:00:00,7,16.2
2004-06-20 20:00:00,8,14.5
2004-06-20 20:00:00,9,14
2004-06-20 20:00:00,10,13.2
2004-06-20 20:00:00,11,11.9
2004-06-20 20:00:00,12,10.8
2004-06-20 20:00:00,13,10.5
2004-06-20 20:00:00,14,9.8
2004-06-20 20:00:00,15,9.4
2004-06-20 20:00:00,16,9
2004-06-20 20:00:00,17,9.2
2004-06-20 20:00:00,18,8.9
2004-06-20 20:00:00,19,8.7
2004-06-20 20:00:00,20,8.7
2004-06-20 20:00:00,21,8.6
2004-06-20 20:00:00,22,8.6
2004-07-25 20:00:00,0.5,22.6
2004-07-25 20:00:00,1,22.6
2004-07-25 20:00:00,2,22.6
2004-07-25 20:00:00,3,22.6
2004-07-25 20:00:00,4,22.6
2004-07-25 20:00:00,5,22.6
2004-07-25 20:00:00,6,22.3
2004-07-25 20:00:00,7,20
2004-07-25 20:00:00,8,19.2
2004-07-25 20:00:00,9,17.7
2004-07-25 20:00:00,10,15.2
2004-07-25 20:00:00,11,12.9
2004-07-25 20:00:00,12,11.8
2004-07-25 20:00:00,13,11.1
2004-07-25 20:00:00,14,10.6
2004-07-25 20:00:00,15,10.2
2004-07-25 20:00:00,16,9.8
2004-07-25 20:00:00,17,9.6
2004-07-25 20:00:00,18,9.4
2004-07-25 20:00:00,19,9.3
2004-07-25 20:00:00,20,9
2004-07-25 20:00:00,21,9
2004-07-25 20:00:00,22,8.8
2004-07-25 20:00:00,23,8.7
2004-07-25 20:00:00,24,8.7
2004-07-25 20:00:00,25,8.7
2004-07-25 20:00:00,26,8.5
2004-07-25 20:00:00,27,8.5
2004-07-25 20:00:00,28,8.4
2004-08-22 20:00:00,0.5,21.5
2004-08-22 20:00:00,1,21.5
2004-08-22 20:00:00,2,21.6
2004-08-22 20:00:00,3,21.6
2004-08-22 20:00:00,4,21.6
2004-08-22 20:00:00,5,21.6
2004-08-22 20:00:00,6,21.6
2004-08-22 20:00:00,7,21.6
2004-08-22 20:00:00,8,21.5
2004-08-22 20:00:00,9,19.3
2004-08-22 20:00:00,10,16.6
2004-08-22 20:00:00,11,13.9
2004-08-22 20:00:00,12,12.4
2004-08-22 20:00:00,13,11.6
2004-08-22 20:00:00,14,10.8
2004-08-22 20:00:00,15,10.3
2004-08-22 20:00:00,16,9.9
2004-08-22 20:00:00,17,9.8
2004-08-22 20:00:00,18,9.6
2004-08-22 20:00:00,19,9.4
2004-08-22 20:00:00,20,9.2
2004-08-22 20:00:00,21,9.1
2004-08-22 20:00:00,22,8.9
2004-08-22 20:00:00,23,8.8
2004-08-22 20:00:00,24,8.7
2004-09-19 20:00:00,1,18.4
2004-09-19 20:00:00,2,18.5
2004-09-19 20:00:00,3,18.5
2004-09-19 20:00:00,4,18.5
2004-09-19 20:00:00,5,18.5
2004-09-19 20:00:00,6,18.5
2004-09-19 20:00:00,7,18.5
2004-09-19 20:00:00,8,18.5
2004-09-19 20:00:00,9,18.5
2004-09-19 20:00:00,10,18.5
2004-09-19 20:00:00,11,15.5
2004-09-19 20:00:00,12,13.4
2004-09-19 20:00:00,13,12
2004-09-19 20:00:00,14,11.4
2004-09-19 20:00:00,15,11
2004-09-19 20:00:00,16,10.1
2004-09-19 20:00:00,17,9.9
2004-09-19 20:00:00,18,9.8
2004-09-19 20:00:00,19,9.7
2004-09-19 20:00:00,20,9.4
2004-09-19 20:00:00,21,9.3
2004-09-19 20:00:00,22,9.2
2004-09-19 20:00:00,23,9.1
2004-09-19 20:00:00,24,8.9
2004-09-19 20:00:00,25,8.8
2004-09-19 20:00:00,26,8.8
2004-09-19 20:00:00,27,8.7
2004-09-19 20:00:00,28,8.6
2004-09-19 20:00:00,29,8.6
2004-09-19 20:00:00,30,8.6
2005-06-26 20:00:00,0.5,23.4
2005-06-26 20:00:00,1,23.1
2005-06-26 20:00:00,2,22.5
2005-06-26 20:00:00,3,21.3
2005-06-26 20:00:00,4,20.5
2005-06-26 20:00:00,5,19.1
2005-06-26 20:00:00,6,15
2005-06-26 20:00:00,7,12.7
2005-06-26 20:00:00,8,11.7
2005-06-26 20:00:00,9,11.1
2005-06-26 20:00:00,10,10.8
2005-06-26 20:00:00,11,10.3
2005-06-26 20:00:00,12,10
2005-06-26 20:00:00,13,9.8
2005-06-26 20:00:00,14,9.6
2005-06-26 20:00:00,15,9.4
2005-06-26 20:00:00,16,9.4
2005-06-26 20:00:00,17,9.1
2005-06-26 20:00:00,18,9
2005-06-26 20:00:00,19,8.9
2005-06-26 20:00:00,20,8.9
2005-06-26 20:00:00,21,8.8
2005-06-26 20:00:00,22,8.8
2005-06-26 20:00:00,23,8.8
2005-06-26 20:00:00,24,8.7
2005-06-26 20:00:00,25,8.6
2005-06-26 20:00:00,26,8.5
2005-06-26 20:00:00,27,8.5
2005-06-26 20:00:00,28,8.8
2005-06-26 20:00:00,29,8.4
2005-07-24 20:00:00,0.5,24.3
2005-07-24 20:00:00,1,24.3
2005-07-24 20:00:00,2,24.3
2005-07-24 20:00:00,3,24.3
2005-07-24 20:00:00,4,24.2
2005-07-24 20:00:00,5,20.8
2005-07-24 20:00:00,6,19.1
2005-07-24 20:00:00,7,15.3
2005-07-24 20:00:00,8,14
2005-07-24 20:00:00,9,12.4
2005-07-24 20:00:00,10,11.8
2005-07-24 20:00:00,11,11.6
2005-07-24 20:00:00,12,11.1
2005-07-24 20:00:00,13,10.8
2005-07-24 20:00:00,14,10.2
2005-07-24 20:00:00,15,9.9
2005-07-24 20:00:00,16,9.7
2005-07-24 20:00:00,17,9.7
2005-07-24 20:00:00,18,9.4
2005-07-24 20:00:00,19,9.2
2005-07-24 20:00:00,20,9.2
2005-07-24 20:00:00,21,9.3
2005-07-24 20:00:00,22,9.4
2005-07-24 20:00:00,23,9.4
2005-07-24 20:00:00,24,9.3
2005-08-21 20:00:00,0.5,23.1
2005-08-21 20:00:00,1,23.1
2005-08-21 20:00:00,2,23.1
2005-08-21 20:00:00,3,23
2005-08-21 20:00:00,4,23
2005-08-21 20:00:00,5,23
2005-08-21 20:00:00,6,23
2005-08-21 20:00:00,7,20.5
2005-08-21 20:00:00,8,15.1
2005-08-21 20:00:00,9,14.1
2005-08-21 20:00:00,10,12.4
2005-08-21 20:00:00,11,11.4
2005-08-21 20:00:00,12,10.8
2005-08-21 20:00:00,13,10.4
2005-08-21 20:00:00,14,10.1
2005-08-21 20:00:00,15,9.8
2005-08-21 20:00:00,16,9.6
2005-08-21 20:00:00,17,9.5
2005-08-21 20:00:00,18,9.4
2005-08-21 20:00:00,19,9.3
2005-08-21 20:00:00,20,9.3
2005-08-21 20:00:00,21,9.3
2005-08-21 20:00:00,22,9
2005-08-21 20:00:00,23,8.9
2005-08-21 20:00:00,24,8.9
2005-08-21 20:00:00,25,8.8
2005-08-21 20:00:00,26,8.8
2005-08-21 20:00:00,27,8.7
2005-08-21 20:00:00,28,8.7
2006-05-30 20:00:00,0.5,17.2
2006-05-30 20:00:00,1,17
2006-05-30 20:00:00,2,16.4
2006-05-30 20:00:00,3,16.3
2006-05-30 20:00:00,4,16.2
2006-05-30 20:00:00,5,13.2
2006-05-30 20:00:00,6,12.3
2006-05-30 20:00:00,7,11.7
2006-05-30 20:00:00,8,11.2
2006-05-30 20:00:00,9,10.9
2006-05-30 20:00:00,10,10.8
2006-05-30 20:00:00,11,10.5
2006-05-30 20:00:00,12,10.3
2006-05-30 20:00:00,13,9.9
2006-05-30 20:00:00,14,9.7
2006-05-30 20:00:00,15,9.7
2006-05-30 20:00:00,16,9.5
2006-05-30 20:00:00,17,9.4
2006-05-30 20:00:00,18,9.1
2006-05-30 20:00:00,19,8.8
2006-05-30 20:00:00,20,8.5
2006-05-30 20:00:00,21,8.3
2006-05-30 20:00:00,22,8.2
2006-05-30 20:00:00,23,8.2
2006-05-30 20:00:00,24,8.2
2006-05-30 20:00:00,25,8.1
2006-05-30 20:00:00,26,8.1
2006-05-30 20:00:00,27,8
2006-05-30 20:00:00,28,8
2006-07-04 20:00:00,0.5,21.9
2006-07-04 20:00:00,1,21.9
2006-07-04 20:00:00,2,21.9
2006-07-04 20:00:00,3,21.6
2006-07-04 20:00:00,4,21.4
2006-07-04 20:00:00,5,20.9
2006-07-04 20:00:00,6,19.4
2006-07-04 20:00:00,7,17.5
2006-07-04 20:00:00,8,15.3
2006-07-04 20:00:00,9,14.7
2006-07-04 20:00:00,10,14.2
2006-07-04 20:00:00,11,13.3
2006-07-04 20:00:00,12,12.8
2006-07-04 20:00:00,13,12.1
2006-07-04 20:00:00,14,11.8
2006-07-04 20:00:00,15,10.8
2006-07-04 20:00:00,16,10.6
2006-07-04 20:00:00,17,10.2
2006-07-04 20:00:00,18,10
2006-07-04 20:00:00,19,9.9
2006-07-04 20:00:00,20,9.7
2006-07-04 20:00:00,21,9.6
2006-07-04 20:00:00,22,9.6
2006-07-04 20:00:00,23,9.4
2006-07-04 20:00:00,24,9.3
2006-07-04 20:00:00,25,9.2
2006-07-23 20:00:00,0.5,22.4
2006-07-23 20:00:00,1,22.6
2006-07-23 20:00:00,2,22.7
2006-07-23 20:00:00,3,22.8
2006-07-23 20:00:00,4,23.1
2006-07-23 20:00:00,5,23.1
2006-07-23 20:00:00,6,20.4
2006-07-23 20:00:00,7,18.8
2006-07-23 20:00:00,8,17.1
2006-07-23 20:00:00,9,15.7
2006-07-23 20:00:00,10,14.7
2006-07-23 20:00:00,11,13.7
2006-07-23 20:00:00,12,13
2006-07-23 20:00:00,13,12.5
2006-07-23 20:00:00,14,11.9
2006-07-23 20:00:00,15,11.4
2006-07-23 20:00:00,16,11.1
2006-07-23 20:00:00,17,10.9
2006-07-23 20:00:00,18,10.6
2006-07-23 20:00:00,19,10.5
2006-07-23 20:00:00,20,10.3
2006-07-23 20:00:00,21,10
2006-07-23 20:00:00,22,9.7
2006-07-23 20:00:00,23,9.6
2006-07-23 20:00:00,24,9.5
2006-07-23 20:00:00,25,9.4
2006-07-23 20:00:00,26,9.4
2006-07-23 20:00:00,27,9.3
2006-08-14 20:00:00,0.5,21
2006-08-14 20:00:00,1,21.2
2006-08-14 20:00:00,2,21.3
2006-08-14 20:00:00,3,21.4
2006-08-14 20:00:00,4,21.4
2006-08-14 20:00:00,5,21.5
2006-08-14 20:00:00,6,20.8
2006-08-14 20:00:00,7,20.1
2006-08-14 20:00:00,8,18.1
2006-08-14 20:00:00,9,16
2006-08-14 20:00:00,10,14.6
2006-08-14 20:00:00,11,13.6
2006-08-14 20:00:00,12,12.8
2006-08-14 20:00:00,13,12.3
2006-08-14 20:00:00,14,11.7
2006-08-14 20:00:00,15,11.3
2006-08-14 20:00:00,16,10.8
2006-08-14 20:00:00,17,10.5
2006-08-14 20:00:00,18,10.3
2006-08-14 20:00:00,19,10.2
2006-08-14 20:00:00,20,10
2006-08-14 20:00:00,21,9.9
2006-08-14 20:00:00,22,9.8
2006-08-14 20:00:00,23,9.7
2006-08-14 20:00:00,24,9.5
2006-08-14 20:00:00,25,9.5
2006-08-14 20:00:00,26,9.3
2006-09-10 20:00:00,0.5,18.7
2006-09-10 20:00:00,1,18.7
2006-09-10 20:00:00,2,18.7
2006-09-10 20:00:00,3,18.6
2006-09-10 20:00:00,4,18.6
2006-09-10 20:00:00,5,18.6
2006-09-10 20:00:00,6,18.6
2006-09-10 20:00:00,7,18.6
2006-09-10 20:00:00,8,18.4
2006-09-10 20:00:00,9,16.7
2006-09-10 20:00:00,10,13.3
2006-09-10 20:00:00,11,12.2
2006-09-10 20:00:00,12,11.5
2006-09-10 20:00:00,13,10.7
2006-09-10 20:00:00,14,10.6
2006-09-10 20:00:00,15,10.5
2006-09-10 20:00:00,16,10.3
2006-09-10 20:00:00,17,10.2
2006-09-10 20:00:00,18,9.9
2006-09-10 20:00:00,19,9.8
2006-09-10 20:00:00,20,9.8
2006-09-10 20:00:00,21,9.7
2006-09-10 20:00:00,22,9.6
2006-09-10 20:00:00,23,9.5
2006-09-10 20:00:00,24,9.4
2006-09-10 20:00:00,25,9.4
2006-09-10 20:00:00,26,9.4
2006-09-10 20:00:00,27,9.3
2006-09-10 20:00:00,28,9.4
2006-09-10 20:00:00,29,9.3
2007-06-10 20:00:00,0.5,25.1
2007-06-10 20:00:00,1,22.8
2007-06-10 20:00:00,2,21
2007-06-10 20:00:00,3,20.5
2007-06-10 20:00:00,4,19.8
2007-06-10 20:00:00,5,19.2
2007-06-10 20:00:00,6,18.5
2007-06-10 20:00:00,7,17
2007-06-10 20:00:00,8,12.6
2007-06-10 20:00:00,9,11.5
2007-06-10 20:00:00,10,11
2007-06-10 20:00:00,11,10.3
2007-06-10 20:00:00,12,9
2007-06-10 20:00:00,13,8.7
2007-06-10 20:00:00,14,8.4
2007-06-10 20:00:00,15,8.2
2007-06-10 20:00:00,16,8
2007-06-10 20:00:00,17,7.8
2007-06-10 20:00:00,18,7.7
2007-06-10 20:00:00,19,7.6
2007-06-10 20:00:00,20,7.5
2007-06-10 20:00:00,21,7.4
2007-06-10 20:00:00,22,7.3
2007-06-10 20:00:00,23,7.2
2007-06-10 20:00:00,24,7
2007-06-10 20:00:00,25,6.9
2007-06-10 20:00:00,26,6.8
2007-06-10 20:00:00,27,6.8
2007-06-10 20:00:00,28,6.8
2007-06-10 20:00:00,29,6.8
2007-06-10 20:00:00,30,6.7
2007-07-15 20:00:00,0.5,22.3
2007-07-15 20:00:00,1,22.1
2007-07-15 20:00:00,2,21.8
2007-07-15 20:00:00,3,21.6
2007-07-15 20:00:00,4,21.5
2007-07-15 20:00:00,5,21.4
2007-07-15 20:00:00,6,21.3
2007-07-15 20:00:00,7,20.2
2007-07-15 20:00:00,8,17.1
2007-07-15 20:00:00,9,14.7
2007-07-15 20:00:00,10,13.1
2007-07-15 20:00:00,11,11.8
2007-07-15 20:00:00,12,10.8
2007-07-15 20:00:00,13,9.8
2007-07-15 20:00:00,14,9.4
2007-07-15 20:00:00,15,8.9
2007-07-15 20:00:00,16,8.6
2007-07-15 20:00:00,17,8.5
2007-07-15 20:00:00,18,8.3
2007-07-15 20:00:00,19,8.1
2007-07-15 20:00:00,20,8
2007-07-15 20:00:00,21,7.9
2007-07-15 20:00:00,22,7.8
2007-07-15 20:00:00,23,7.7
2007-07-15 20:00:00,24,7.6
2007-07-15 20:00:00,25,7.6
2007-07-15 20:00:00,26,7.5
2007-07-15 20:00:00,27,7.5
2007-07-15 20:00:00,28,7.4
2007-07-15 20:00:00,29,7.4
2007-08-13 20:00:00,0.5,22.9
2007-08-13 20:00:00,1,23
2007-08-13 20:00:00,2,23
2007-08-13 20:00:00,3,23.1
2007-08-13 20:00:00,4,23.1
2007-08-13 20:00:00,5,23.1
2007-08-13 20:00:00,6,23.1
2007-08-13 20:00:00,7,23
2007-08-13 20:00:00,8,19.3
2007-08-13 20:00:00,9,15.7
2007-08-13 20:00:00,10,12.7
2007-08-13 20:00:00,11,12.2
2007-08-13 20:00:00,12,11.5
2007-08-13 20:00:00,13,10.3
2007-08-13 20:00:00,14,9.9
2007-08-13 20:00:00,15,9.3
2007-08-13 20:00:00,16,9.1
2007-08-13 20:00:00,17,8.9
2007-08-13 20:00:00,18,8.6
2007-08-13 20:00:00,19,8.4
2007-08-13 20:00:00,20,8.3
2007-08-13 20:00:00,21,8.1
2007-08-13 20:00:00,22,8
2007-08-13 20:00:00,23,8.2
2007-08-13 20:00:00,24,8.1
2007-08-13 20:00:00,25,8
2007-08-13 20:00:00,26,7.9
2007-08-13 20:00:00,27,7.9
2007-08-13 20:00:00,28,7.8
2007-08-13 20:00:00,29,7.7
2007-09-10 20:00:00,0.5,18.8
2007-09-10 20:00:00,1,19
2007-09-10 20:00:00,2,19.5
2007-09-10 20:00:00,3,19.7
2007-09-10 20:00:00,4,19.8
2007-09-10 20:00:00,5,19.9
2007-09-10 20:00:00,6,20
2007-09-10 20:00:00,7,20
2007-09-10 20:00:00,8,20.1
2007-09-10 20:00:00,9,20.1
2007-09-10 20:00:00,10,18
2007-09-10 20:00:00,11,15.6
2007-09-10 20:00:00,12,13.9
2007-09-10 20:00:00,13,13.1
2007-09-10 20:00:00,14,12
2007-09-10 20:00:00,15,11
2007-09-10 20:00:00,16,10.7
2007-09-10 20:00:00,17,10.4
2007-09-10 20:00:00,18,10.1
2007-09-10 20:00:00,19,9.9
2007-09-10 20:00:00,20,9.5
2007-09-10 20:00:00,21,9.4
2007-09-10 20:00:00,22,9.3
2007-09-10 20:00:00,23,9
2007-09-10 20:00:00,24,8.8
2007-09-10 20:00:00,25,8.6
2007-09-10 20:00:00,26,8.5
2007-09-10 20:00:00,27,8.5
2007-09-10 20:00:00,28,8.4
2007-09-10 20:00:00,29,8.1
2007-09-10 20:00:00,30,8
2008-06-02 20:00:00,0.5,16.5
2008-06-02 20:00:00,1,16.4
2008-06-02 20:00:00,2,16.2
2008-06-02 20:00:00,3,16
2008-06-02 20:00:00,4,15.7
2008-06-02 20:00:00,5,15.2
2008-06-02 20:00:00,6,14.4
2008-06-02 20:00:00,7,13.8
2008-06-02 20:00:00,8,13.3
2008-06-02 20:00:00,9,12.9
2008-06-02 20:00:00,10,12.4
2008-06-02 20:00:00,11,11.5
2008-06-02 20:00:00,12,10.6
2008-06-02 20:00:00,13,10.1
2008-06-02 20:00:00,14,9.7
2008-06-02 20:00:00,15,9.3
2008-06-02 20:00:00,16,8.8
2008-06-02 20:00:00,17,8.5
2008-06-02 20:00:00,18,8.3
2008-06-02 20:00:00,19,8.2
2008-06-02 20:00:00,20,8.2
2008-06-02 20:00:00,21,8
2008-06-02 20:00:00,22,7.9
2008-06-02 20:00:00,23,7.8
2008-06-02 20:00:00,24,7.8
2008-06-02 20:00:00,25,7.7
2008-06-02 20:00:00,26,7.7
2008-06-02 20:00:00,27,7.7
2008-06-02 20:00:00,28,7.6
2008-06-02 20:00:00,29,7.6
2008-06-30 20:00:00,0.5,22.2
2008-06-30 20:00:00,1,21.7
2008-06-30 20:00:00,2,21.5
2008-06-30 20:00:00,3,21.4
2008-06-30 20:00:00,4,20.8
2008-06-30 20:00:00,5,20.5
2008-06-30 20:00:00,6,20
2008-06-30 20:00:00,7,18.3
2008-06-30 20:00:00,8,16.2
2008-06-30 20:00:00,9,14.4
2008-06-30 20:00:00,10,13.3
2008-06-30 20:00:00,11,11.8
2008-06-30 20:00:00,12,11.1
2008-06-30 20:00:00,13,10.5
2008-06-30 20:00:00,14,9.5
2008-06-30 20:00:00,15,9.2
2008-06-30 20:00:00,16,9
2008-06-30 20:00:00,17,8.8
2008-06-30 20:00:00,18,8.6
2008-06-30 20:00:00,19,8.5
2008-06-30 20:00:00,20,8.4
2008-06-30 20:00:00,21,8.3
2008-06-30 20:00:00,22,8.1
2008-06-30 20:00:00,23,8
2008-06-30 20:00:00,24,7.9
2008-06-30 20:00:00,25,7.9
2008-06-30 20:00:00,26,7.8
2008-06-30 20:00:00,27,7.8
2008-06-30 20:00:00,28,7.8
2008-06-30 20:00:00,29,7.7
2008-06-30 20:00:00,30,7.7
2008-07-28 20:00:00,0.5,25.2
2008-07-28 20:00:00,1,24.6
2008-07-28 20:00:00,2,24.1
2008-07-28 20:00:00,3,23.7
2008-07-28 20:00:00,4,23.4
2008-07-28 20:00:00,5,23.2
2008-07-28 20:00:00,6,23
2008-07-28 20:00:00,7,21.1
2008-07-28 20:00:00,8,18.9
2008-07-28 20:00:00,9,16.2
2008-07-28 20:00:00,10,15.1
2008-07-28 20:00:00,11,14
2008-07-28 20:00:00,12,12.7
2008-07-28 20:00:00,13,11.6
2008-07-28 20:00:00,14,10.7
2008-07-28 20:00:00,15,10.2
2008-07-28 20:00:00,16,9.8
2008-07-28 20:00:00,17,9.5
2008-07-28 20:00:00,18,9.2
2008-07-28 20:00:00,19,8.9
2008-07-28 20:00:00,20,8.5
2008-07-28 20:00:00,21,8.4
2008-07-28 20:00:00,22,8.3
2008-07-28 20:00:00,23,8.2
2008-07-28 20:00:00,24,8.1
2008-07-28 20:00:00,25,8
2008-07-28 20:00:00,26,8
2008-07-28 20:00:00,27,7.9
2008-07-28 20:00:00,28,7.9
2008-07-28 20:00:00,29,7.8
2008-07-28 20:00:00,30,7.8
2008-09-01 20:00:00,0.5,20.5
2008-09-01 20:00:00,1,20.7
2008-09-01 20:00:00,2,20.7
2008-09-01 20:00:00,3,20.7
2008-09-01 20:00:00,4,20.8
2008-09-01 20:00:00,5,20.8
2008-09-01 20:00:00,6,20.8
2008-09-01 20:00:00,7,20.8
2008-09-01 20:00:00,8,20.6
2008-09-01 20:00:00,9,17.3
2008-09-01 20:00:00,10,15.1
2008-09-01 20:00:00,11,13.2
2008-09-01 20:00:00,12,12.1
2008-09-01 20:00:00,13,11
2008-09-01 20:00:00,14,10.4
2008-09-01 20:00:00,15,9.6
2008-09-01 20:00:00,16,9.4
2008-09-01 20:00:00,17,9.2
2008-09-01 20:00:00,18,9.1
2008-09-01 20:00:00,19,9
2008-09-01 20:00:00,20,8.8
2008-09-01 20:00:00,21,8.7
2008-09-01 20:00:00,22,8.6
2008-09-01 20:00:00,23,8.5
2008-09-01 20:00:00,24,8.4
2008-09-01 20:00:00,25,8.3
2008-09-01 20:00:00,26,8.2
2008-09-01 20:00:00,27,8.2
2008-09-01 20:00:00,28,8.1
2008-09-01 20:00:00,29,8.1
2008-09-01 20:00:00,30,8
2009-05-25 20:00:00,0.5,15.3
2009-05-25 20:00:00,1,15.3
2009-05-25 20:00:00,2,15
2009-05-25 20:00:00,3,14.9
2009-05-25 20:00:00,4,14.9
2009-05-25 20:00:00,5,14.8
2009-05-25 20:00:00,6,14.7
2009-05-25 20:00:00,7,14.1
2009-05-25 20:00:00,8,13.2
2009-05-25 20:00:00,9,12.5
2009-05-25 20:00:00,10,11.9
2009-05-25 20:00:00,11,11.6
2009-05-25 20:00:00,12,11
2009-05-25 20:00:00,13,10.6
2009-05-25 20:00:00,14,10.3
2009-05-25 20:00:00,15,9.8
2009-05-25 20:00:00,16,9.1
2009-05-25 20:00:00,17,8.8
2009-05-25 20:00:00,18,8.4
2009-05-25 20:00:00,19,8.2
2009-05-25 20:00:00,20,8.1
2009-05-25 20:00:00,21,8
2009-05-25 20:00:00,22,7.9
2009-05-25 20:00:00,23,7.8
2009-05-25 20:00:00,24,7.8
2009-05-25 20:00:00,25,7.7
2009-05-25 20:00:00,26,7.7
2009-05-25 20:00:00,27,7.6
2009-05-25 20:00:00,28,7.6
2009-05-25 20:00:00,29,7.5
2009-06-21 20:00:00,0.5,18.5
2009-06-21 20:00:00,1,18.6
2009-06-21 20:00:00,2,18.7
2009-06-21 20:00:00,3,18.7
2009-06-21 20:00:00,4,18.6
2009-06-21 20:00:00,5,18.4
2009-06-21 20:00:00,6,18.3
2009-06-21 20:00:00,7,18.1
2009-06-21 20:00:00,8,14.9
2009-06-21 20:00:00,9,14
2009-06-21 20:00:00,10,13.1
2009-06-21 20:00:00,11,12.5
2009-06-21 20:00:00,12,11.6
2009-06-21 20:00:00,13,11
2009-06-21 20:00:00,14,10.6
2009-06-21 20:00:00,15,9.9
2009-06-21 20:00:00,16,9.6
2009-06-21 20:00:00,17,9.2
2009-06-21 20:00:00,18,9
2009-06-21 20:00:00,19,8.9
2009-06-21 20:00:00,20,8.8
2009-06-21 20:00:00,21,8.7
2009-06-21 20:00:00,22,8.6
2009-06-21 20:00:00,23,8.4
2009-06-21 20:00:00,24,8.2
2009-06-21 20:00:00,25,8.2
2009-06-21 20:00:00,26,8.2
2009-06-21 20:00:00,27,8.1
2009-06-21 20:00:00,28,8.1
2009-06-21 20:00:00,29,8
2009-07-12 20:00:00,0.5,20.7
2009-07-12 20:00:00,1,20.7
2009-07-12 20:00:00,2,20.6
2009-07-12 20:00:00,3,20.6
2009-07-12 20:00:00,4,20.6
2009-07-12 20:00:00,5,20.5
2009-07-12 20:00:00,6,20.2
2009-07-12 20:00:00,7,19.4
2009-07-12 20:00:00,8,18.5
2009-07-12 20:00:00,9,15.7
2009-07-12 20:00:00,10,14.4
2009-07-12 20:00:00,11,12.8
2009-07-12 20:00:00,12,12.1
2009-07-12 20:00:00,13,11.3
2009-07-12 20:00:00,14,10.8
2009-07-12 20:00:00,15,10.1
2009-07-12 20:00:00,16,9.6
2009-07-12 20:00:00,17,9.4
2009-07-12 20:00:00,18,9.3
2009-07-12 20:00:00,19,9.1
2009-07-12 20:00:00,20,8.9
2009-07-12 20:00:00,21,8.8
2009-07-12 20:00:00,22,8.7
2009-07-12 20:00:00,23,8.5
2009-07-12 20:00:00,24,8.4
2009-07-12 20:00:00,25,8.4
2009-07-12 20:00:00,26,8.3
2009-07-12 20:00:00,27,8.3
2009-07-12 20:00:00,28,8.2
2009-07-12 20:00:00,29,8.2
2009-08-11 20:00:00,0.5,23.1
2009-08-11 20:00:00,1,23.2
2009-08-11 20:00:00,2,23.2
2009-08-11 20:00:00,3,23.2
2009-08-11 20:00:00,4,23.2
2009-08-11 20:00:00,5,22.8
2009-08-11 20:00:00,6,22.5
2009-08-11 20:00:00,7,22.1
2009-08-11 20:00:00,8,19.5
2009-08-11 20:00:00,9,17.2
2009-08-11 20:00:00,10,15.2
2009-08-11 20:00:00,11,13.8
2009-08-11 20:00:00,12,12.8
2009-08-11 20:00:00,13,11.8
2009-08-11 20:00:00,14,11
2009-08-11 20:00:00,15,10.5
2009-08-11 20:00:00,16,10
2009-08-11 20:00:00,17,9.7
2009-08-11 20:00:00,18,9.5
2009-08-11 20:00:00,19,9.4
2009-08-11 20:00:00,20,9.3
2009-08-11 20:00:00,21,9.2
2009-08-11 20:00:00,22,9
2009-08-11 20:00:00,23,8.8
2009-08-11 20:00:00,24,8.8
2009-08-11 20:00:00,25,8.6
2009-08-11 20:00:00,26,8.5
2009-08-11 20:00:00,27,8.5
2009-08-11 20:00:00,28,8.5
2009-08-11 20:00:00,29,8.4
2009-08-11 20:00:00,30,8.4
2009-08-31 20:00:00,0.5,20.4
2009-08-31 20:00:00,1,20.5
2009-08-31 20:00:00,2,20.5
2009-08-31 20:00:00,3,20.6
2009-08-31 20:00:00,4,20.7
2009-08-31 20:00:00,5,20.7
2009-08-31 20:00:00,6,20.7
2009-08-31 20:00:00,7,20.8
2009-08-31 20:00:00,8,20.8
2009-08-31 20:00:00,9,19.5
2009-08-31 20:00:00,10,15.8
2009-08-31 20:00:00,11,14.5
2009-08-31 20:00:00,12,13
2009-08-31 20:00:00,13,12
2009-08-31 20:00:00,14,11.3
2009-08-31 20:00:00,15,10.8
2009-08-31 20:00:00,16,10.3
2009-08-31 20:00:00,17,9.9
2009-08-31 20:00:00,18,9.7
2009-08-31 20:00:00,19,9.6
2009-08-31 20:00:00,20,9.5
2009-08-31 20:00:00,21,9.3
2009-08-31 20:00:00,22,9.1
2009-08-31 20:00:00,23,9
2009-08-31 20:00:00,24,8.9
2009-08-31 20:00:00,25,8.8
2009-08-31 20:00:00,26,8.7
2009-08-31 20:00:00,27,8.6
2009-08-31 20:00:00,28,8.6
2009-08-31 20:00:00,29,8.5
2009-08-31 20:00:00,30,19.2
2009-10-04 20:00:00,0.5,15.1
2009-10-04 20:00:00,1,15.3
2009-10-04 20:00:00,2,15.3
2009-10-04 20:00:00,3,15.4
2009-10-04 20:00:00,4,15.4
2009-10-04 20:00:00,5,15.5
2009-10-04 20:00:00,6,15.5
2009-10-04 20:00:00,7,15.5
2009-10-04 20:00:00,8,15.5
2009-10-04 20:00:00,9,15.5
2009-10-04 20:00:00,10,15.5
2009-10-04 20:00:00,11,15.5
2009-10-04 20:00:00,12,13.9
2009-10-04 20:00:00,13,12.6
2009-10-04 20:00:00,14,11.6
2009-10-04 20:00:00,15,11.1
2009-10-04 20:00:00,16,10.8
2009-10-04 20:00:00,17,10.3
2009-10-04 20:00:00,18,10
2009-10-04 20:00:00,19,9.8
2009-10-04 20:00:00,20,9.6
2009-10-04 20:00:00,21,9.3
2009-10-04 20:00:00,22,9.2
2009-10-04 20:00:00,23,9.1
2009-10-04 20:00:00,24,9
2009-10-04 20:00:00,25,8.8
2009-10-04 20:00:00,26,8.8
2009-10-04 20:00:00,27,8.7
2009-10-04 20:00:00,28,8.6
2009-10-04 20:00:00,29,8.6
2009-10-04 20:00:00,30,8.5
2010-06-01 20:00:00,0.5,22.8
2010-06-01 20:00:00,1,21.8
2010-06-01 20:00:00,2,20.7
2010-06-01 20:00:00,3,20
2010-06-01 20:00:00,4,19.3
2010-06-01 20:00:00,5,17.9
2010-06-01 20:00:00,6,16.7
2010-06-01 20:00:00,7,14.9
2010-06-01 20:00:00,8,13.4
2010-06-01 20:00:00,9,12.3
2010-06-01 20:00:00,10,11.7
2010-06-01 20:00:00,11,11.3
2010-06-01 20:00:00,12,11
2010-06-01 20:00:00,13,10.6
2010-06-01 20:00:00,14,10.3
2010-06-01 20:00:00,15,10.2
2010-06-01 20:00:00,16,10.1
2010-06-01 20:00:00,17,9.9
2010-06-01 20:00:00,18,9.8
2010-06-01 20:00:00,19,9.7
2010-06-01 20:00:00,20,9.6
2010-06-01 20:00:00,21,9.6
2010-06-01 20:00:00,22,9.5
2010-06-01 20:00:00,23,9.5
2010-06-01 20:00:00,24,9.4
2010-06-01 20:00:00,25,9.3
2010-06-01 20:00:00,26,9.3
2010-06-01 20:00:00,27,9.2
2010-06-01 20:00:00,28,9.2
2010-07-11 20:00:00,0.5,26.1
2010-07-11 20:00:00,1,25.9
2010-07-11 20:00:00,2,25.7
2010-07-11 20:00:00,3,25.3
2010-07-11 20:00:00,4,25.1
2010-07-11 20:00:00,5,24.4
2010-07-11 20:00:00,6,21.6
2010-07-11 20:00:00,7,19.6
2010-07-11 20:00:00,8,17.2
2010-07-11 20:00:00,9,15.2
2010-07-11 20:00:00,10,13.8
2010-07-11 20:00:00,11,12.6
2010-07-11 20:00:00,12,11.8
2010-07-11 20:00:00,13,11.2
2010-07-11 20:00:00,14,10.9
2010-07-11 20:00:00,15,10.7
2010-07-11 20:00:00,16,10.6
2010-07-11 20:00:00,17,10.4
2010-07-11 20:00:00,18,10.3
2010-07-11 20:00:00,19,10.2
2010-07-11 20:00:00,20,10.1
2010-07-11 20:00:00,21,10.1
2010-07-11 20:00:00,22,10
2010-07-11 20:00:00,23,9.9
2010-07-11 20:00:00,24,9.8
2010-07-11 20:00:00,25,9.8
2010-07-11 20:00:00,26,9.7
2010-07-11 20:00:00,27,9.6
2010-07-11 20:00:00,28,9.6
2010-07-11 20:00:00,29,9.5
2010-08-16 20:00:00,0.5,23.3
2010-08-16 20:00:00,1,23.4
2010-08-16 20:00:00,2,23.4
2010-08-16 20:00:00,3,23.4
2010-08-16 20:00:00,4,23.4
2010-08-16 20:00:00,5,23.4
2010-08-16 20:00:00,6,23.4
2010-08-16 20:00:00,7,23.4
2010-08-16 20:00:00,8,23.2
2010-08-16 20:00:00,9,18.8
2010-08-16 20:00:00,10,15.4
2010-08-16 20:00:00,11,13.9
2010-08-16 20:00:00,12,13
2010-08-16 20:00:00,13,12.1
2010-08-16 20:00:00,14,11.5
2010-08-16 20:00:00,15,11.1
2010-08-16 20:00:00,16,10.9
2010-08-16 20:00:00,17,10.7
2010-08-16 20:00:00,18,10.6
2010-08-16 20:00:00,19,10.4
2010-08-16 20:00:00,20,10.3
2010-08-16 20:00:00,21,10.2
2010-08-16 20:00:00,22,10.1
2010-08-16 20:00:00,23,10
2010-08-16 20:00:00,24,9.9
2010-08-16 20:00:00,25,9.8
2010-08-16 20:00:00,26,9.7
2010-08-16 20:00:00,27,9.6
2010-08-16 20:00:00,28,9.6
2010-09-12 20:00:00,0.5,18.8
2010-09-12 20:00:00,1,19.1
2010-09-12 20:00:00,2,19.2
2010-09-12 20:00:00,3,19.2
2010-09-12 20:00:00,4,19.3
2010-09-12 20:00:00,5,19.3
2010-09-12 20:00:00,6,19.3
2010-09-12 20:00:00,7,19.3
2010-09-12 20:00:00,8,19.4
2010-09-12 20:00:00,9,19.4
2010-09-12 20:00:00,10,19.3
2010-09-12 20:00:00,11,16.4
2010-09-12 20:00:00,12,13.5
2010-09-12 20:00:00,13,12.7
2010-09-12 20:00:00,14,12.1
2010-09-12 20:00:00,15,11.5
2010-09-12 20:00:00,16,11.1
2010-09-12 20:00:00,17,10.9
2010-09-12 20:00:00,18,10.7
2010-09-12 20:00:00,19,10.6
2010-09-12 20:00:00,20,10.5
2010-09-12 20:00:00,21,10.3
2010-09-12 20:00:00,22,10.1
2010-09-12 20:00:00,23,10.1
2010-09-12 20:00:00,24,10
2010-09-12 20:00:00,25,9.8
2010-09-12 20:00:00,26,9.7
2010-09-12 20:00:00,27,9.7
2011-05-30 20:00:00,0.5,19.2
2011-05-30 20:00:00,1,19
2011-05-30 20:00:00,2,18.7
2011-05-30 20:00:00,3,18.4
2011-05-30 20:00:00,4,16.2
2011-05-30 20:00:00,5,14.7
2011-05-30 20:00:00,6,13.4
2011-05-30 20:00:00,7,11.7
2011-05-30 20:00:00,8,10.9
2011-05-30 20:00:00,9,10.5
2011-05-30 20:00:00,10,9.7
2011-05-30 20:00:00,11,9.2
2011-05-30 20:00:00,12,9
2011-05-30 20:00:00,13,8.9
2011-05-30 20:00:00,14,8.7
2011-05-30 20:00:00,15,8.2
2011-05-30 20:00:00,16,8
2011-05-30 20:00:00,17,7.9
2011-05-30 20:00:00,18,7.8
2011-05-30 20:00:00,19,7.7
2011-05-30 20:00:00,20,7.6
2011-05-30 20:00:00,21,7.6
2011-05-30 20:00:00,22,7.6
2011-05-30 20:00:00,23,7.5
2011-05-30 20:00:00,24,7.3
2011-05-30 20:00:00,25,7.3
2011-05-30 20:00:00,26,7.3
2011-05-30 20:00:00,27,7.2
2011-05-30 20:00:00,28,7.2
2011-05-30 20:00:00,29,7.2
2011-06-20 20:00:00,0.5,21.1
2011-06-20 20:00:00,1,20.8
2011-06-20 20:00:00,2,20.5
2011-06-20 20:00:00,3,20.3
2011-06-20 20:00:00,4,20.2
2011-06-20 20:00:00,5,18.5
2011-06-20 20:00:00,6,16.8
2011-06-20 20:00:00,7,15.8
2011-06-20 20:00:00,8,14.4
2011-06-20 20:00:00,9,12.4
2011-06-20 20:00:00,10,11.3
2011-06-20 20:00:00,11,10.5
2011-06-20 20:00:00,12,10
2011-06-20 20:00:00,13,9.7
2011-06-20 20:00:00,14,9.4
2011-06-20 20:00:00,15,9.1
2011-06-20 20:00:00,16,8.8
2011-06-20 20:00:00,17,8.6
2011-06-20 20:00:00,18,8.5
2011-06-20 20:00:00,19,8.4
2011-06-20 20:00:00,20,8.3
2011-06-20 20:00:00,21,8.2
2011-06-20 20:00:00,22,8.1
2011-06-20 20:00:00,23,8.1
2011-06-20 20:00:00,24,8
2011-06-20 20:00:00,25,7.9
2011-06-20 20:00:00,26,7.9
2011-06-20 20:00:00,27,7.8
2011-06-20 20:00:00,28,7.8
2011-06-20 20:00:00,29,7.7
2011-06-20 20:00:00,30,7.7
2011-07-18 20:00:00,0.5,24.5
2011-07-18 20:00:00,1,24.4
2011-07-18 20:00:00,2,24.3
2011-07-18 20:00:00,3,24.3
2011-07-18 20:00:00,4,24.2
2011-07-18 20:00:00,5,23.7
2011-07-18 20:00:00,6,22.9
2011-07-18 20:00:00,7,20.9
2011-07-18 20:00:00,8,16
2011-07-18 20:00:00,9,14.1
2011-07-18 20:00:00,10,13.7
2011-07-18 20:00:00,11,11.4
2011-07-18 20:00:00,12,10.8
2011-07-18 20:00:00,13,10.3
2011-07-18 20:00:00,14,9.8
2011-07-18 20:00:00,15,9.4
2011-07-18 20:00:00,16,9.1
2011-07-18 20:00:00,17,8.9
2011-07-18 20:00:00,18,8.8
2011-07-18 20:00:00,19,8.6
2011-07-18 20:00:00,20,8.5
2011-07-18 20:00:00,21,8.3
2011-07-18 20:00:00,22,8.3
2011-07-18 20:00:00,23,8.2
2011-07-18 20:00:00,24,8.1
2011-07-18 20:00:00,25,8.1
2011-07-18 20:00:00,26,8
2011-07-18 20:00:00,27,8
2011-07-18 20:00:00,28,7.9
2011-07-18 20:00:00,29,7.9
2011-07-18 20:00:00,30,7.8
2011-08-16 20:00:00,0.5,21.9
2011-09-18 20:00:00,0.5,18.6
2012-05-22 20:00:00,0.5,19.5
2012-05-22 20:00:00,1,19.1
2012-05-22 20:00:00,2,18.4
2012-05-22 20:00:00,3,17.8
2012-05-22 20:00:00,4,17.2
2012-05-22 20:00:00,5,15.8
2012-05-22 20:00:00,6,12.4
2012-05-22 20:00:00,7,11.8
2012-05-22 20:00:00,8,11.2
2012-05-22 20:00:00,9,11
2012-05-22 20:00:00,10,10.5
2012-05-22 20:00:00,11,10.2
2012-05-22 20:00:00,12,10
2012-05-22 20:00:00,13,9.9
2012-05-22 20:00:00,14,9.7
2012-05-22 20:00:00,15,9.5
2012-05-22 20:00:00,16,9.4
2012-05-22 20:00:00,17,9.3
2012-05-22 20:00:00,18,9.2
2012-05-22 20:00:00,19,9.2
2012-05-22 20:00:00,20,9.1
2012-05-22 20:00:00,21,9
2012-05-22 20:00:00,22,9
2012-05-22 20:00:00,23,9
2012-05-22 20:00:00,24,8.9
2012-05-22 20:00:00,25,8.8
2012-05-22 20:00:00,26,8.8
2012-05-22 20:00:00,27,8.8
2012-05-22 20:00:00,28,8.8
2012-05-22 20:00:00,29,8.7
2012-05-22 20:00:00,30,8.7
2012-06-18 20:00:00,0.5,20.9
2012-06-18 20:00:00,1,20.9
2012-06-18 20:00:00,2,20.8
2012-06-18 20:00:00,3,20.5
2012-06-18 20:00:00,4,20.2
2012-06-18 20:00:00,5,20.1
2012-06-18 20:00:00,6,20.1
2012-06-18 20:00:00,7,15.2
2012-06-18 20:00:00,8,13.8
2012-06-18 20:00:00,9,12.4
2012-06-18 20:00:00,10,11.6
2012-06-18 20:00:00,11,11.1
2012-06-18 20:00:00,12,10.5
2012-06-18 20:00:00,13,10.3
2012-06-18 20:00:00,14,10
2012-06-18 20:00:00,15,9.7
2012-06-18 20:00:00,16,9.6
2012-06-18 20:00:00,17,9.4
2012-06-18 20:00:00,18,9.3
2012-06-18 20:00:00,19,9.2
2012-06-18 20:00:00,20,9.1
2012-06-18 20:00:00,21,9.1
2012-06-18 20:00:00,22,9.1
2012-06-18 20:00:00,23,9
2012-06-18 20:00:00,24,9
2012-06-18 20:00:00,25,9
2012-06-18 20:00:00,26,9
2012-06-18 20:00:00,27,8.9
2012-06-18 20:00:00,28,8.9
2012-06-18 20:00:00,29,8.9
2012-07-22 20:00:00,0.5,23.9
2012-07-22 20:00:00,1,24
2012-07-22 20:00:00,2,24
2012-07-22 20:00:00,3,24
2012-07-22 20:00:00,4,24
2012-07-22 20:00:00,5,24
2012-07-22 20:00:00,6,23.9
2012-07-22 20:00:00,7,22.2
2012-07-22 20:00:00,8,18.1
2012-07-22 20:00:00,9,15.7
2012-07-22 20:00:00,10,14.1
2012-07-22 20:00:00,11,13
2012-07-22 20:00:00,12,11.9
2012-07-22 20:00:00,13,11.2
2012-07-22 20:00:00,14,10.6
2012-07-22 20:00:00,15,10.2
2012-07-22 20:00:00,16,10
2012-07-22 20:00:00,17,9.8
2012-07-22 20:00:00,18,9.6
2012-07-22 20:00:00,19,9.5
2012-07-22 20:00:00,20,9.5
2012-07-22 20:00:00,21,9.4
2012-07-22 20:00:00,22,9.3
2012-07-22 20:00:00,23,9.2
2012-07-22 20:00:00,24,9.2
2012-07-22 20:00:00,25,9.1
2012-07-22 20:00:00,26,9
2012-07-22 20:00:00,27,9
2012-07-22 20:00:00,28,9
2012-07-22 20:00:00,29,9
2012-08-19 20:00:00,0.1,23.8
2012-08-19 20:00:00,0.5,23.8
2012-08-19 20:00:00,1,24
2012-08-19 20:00:00,2,24.1
2012-08-19 20:00:00,3,24.1
2012-08-19 20:00:00,4,24.1
2012-08-19 20:00:00,5,24.2
2012-08-19 20:00:00,6,24.2
2012-08-19 20:00:00,7,23.5
2012-08-19 20:00:00,8,20.4
2012-08-19 20:00:00,9,16.7
2012-08-19 20:00:00,10,15.2
2012-08-19 20:00:00,11,13.2
2012-08-19 20:00:00,12,12.3
2012-08-19 20:00:00,13,11.7
2012-08-19 20:00:00,14,11
2012-08-19 20:00:00,15,10.5
2012-08-19 20:00:00,16,10.2
2012-08-19 20:00:00,17,10
2012-08-19 20:00:00,18,9.8
2012-08-19 20:00:00,19,9.7
2012-08-19 20:00:00,20,9.5
2012-08-19 20:00:00,21,9.5
2012-08-19 20:00:00,22,9.3
2012-08-19 20:00:00,23,9.2
2012-08-19 20:00:00,24,9.2
2012-08-19 20:00:00,25,9.1
2012-08-19 20:00:00,26,9
2012-08-19 20:00:00,27,9
2012-08-19 20:00:00,28,9
2012-08-19 20:00:00,29,9
2012-09-16 20:00:00,0.1,19.7
2012-09-16 20:00:00,0.5,19.7
2012-09-16 20:00:00,1,19.7
2012-09-16 20:00:00,2,19.8
2012-09-16 20:00:00,3,19.8
2012-09-16 20:00:00,4,19.8
2012-09-16 20:00:00,5,19.8
2012-09-16 20:00:00,6,19.9
2012-09-16 20:00:00,7,19.9
2012-09-16 20:00:00,8,19.9
2012-09-16 20:00:00,9,19.9
2012-09-16 20:00:00,10,17.2
2012-09-16 20:00:00,11,14.5
2012-09-16 20:00:00,12,12.8
2012-09-16 20:00:00,13,12
2012-09-16 20:00:00,14,11.3
2012-09-16 20:00:00,15,10.9
2012-09-16 20:00:00,16,10.5
2012-09-16 20:00:00,17,10.3
2012-09-16 20:00:00,18,10.1
2012-09-16 20:00:00,19,9.9
2012-09-16 20:00:00,20,9.8
2012-09-16 20:00:00,21,9.7
2012-09-16 20:00:00,22,9.5
2012-09-16 20:00:00,23,9.4
2012-09-16 20:00:00,24,9.3
2012-09-16 20:00:00,25,9.2
2012-09-16 20:00:00,26,9.2
2012-09-16 20:00:00,27,9.1
2012-09-16 20:00:00,28,9.1
2012-09-16 20:00:00,29,9
2012-09-16 20:00:00,30,9
2013-06-16 20:00:00,0.5,18
2013-06-16 20:00:00,1,17.9
2013-06-16 20:00:00,2,17.6
2013-06-16 20:00:00,3,17.4
2013-06-16 20:00:00,4,17.2
2013-06-16 20:00:00,5,17.2
2013-06-16 20:00:00,6,16.3
2013-06-16 20:00:00,7,16
2013-06-16 20:00:00,8,14.2
2013-06-16 20:00:00,9,13.7
2013-06-16 20:00:00,10,12.2
2013-06-16 20:00:00,11,11.4
2013-06-16 20:00:00,12,10.9
2013-06-16 20:00:00,13,10.3
2013-06-16 20:00:00,14,10.2
2013-06-16 20:00:00,15,10
2013-06-16 20:00:00,16,9.1
2013-06-16 20:00:00,17,8.6
2013-06-16 20:00:00,18,8.4
2013-06-16 20:00:00,19,8.2
2013-06-16 20:00:00,20,8.2
2013-06-16 20:00:00,21,8.1
2013-06-16 20:00:00,22,8
2013-06-16 20:00:00,23,8
2013-06-16 20:00:00,24,7.9
2013-06-16 20:00:00,25,7.8
2013-06-16 20:00:00,26,7.7
2013-06-16 20:00:00,27,7.7
2013-06-16 20:00:00,28,7.7
2013-06-16 20:00:00,29,7.7
2013-07-14 20:00:00,0.5,25.7
2013-07-14 20:00:00,1,25.5
2013-07-14 20:00:00,2,25.3
2013-07-14 20:00:00,3,25.2
2013-07-14 20:00:00,4,25.2
2013-07-14 20:00:00,5,22.5
2013-07-14 20:00:00,6,20
2013-07-14 20:00:00,7,17.7
2013-07-14 20:00:00,8,16.4
2013-07-14 20:00:00,9,15.1
2013-07-14 20:00:00,10,13.7
2013-07-14 20:00:00,11,12.7
2013-07-14 20:00:00,12,11.7
2013-07-14 20:00:00,13,11
2013-07-14 20:00:00,14,10.4
2013-07-14 20:00:00,15,9.9
2013-07-14 20:00:00,16,9.5
2013-07-14 20:00:00,17,9.3
2013-07-14 20:00:00,18,9.1
2013-07-14 20:00:00,19,8.8
2013-07-14 20:00:00,20,8.7
2013-07-14 20:00:00,21,8.5
2013-07-14 20:00:00,22,8.4
2013-07-14 20:00:00,23,8.3
2013-07-14 20:00:00,24,8.2
2013-07-14 20:00:00,25,8.2
2013-07-14 20:00:00,26,8.1
2013-07-14 20:00:00,27,8.1
2013-07-14 20:00:00,28,8
2013-07-14 20:00:00,29,7.9
2013-07-14 20:00:00,30,7.9
2013-08-18 20:00:00,0.5,21.4
2013-08-18 20:00:00,1,21.5
2013-08-18 20:00:00,2,21.6
2013-08-18 20:00:00,3,21.6
2013-08-18 20:00:00,4,21.7
2013-08-18 20:00:00,5,21.5
2013-08-18 20:00:00,6,21.3
2013-08-18 20:00:00,7,21
2013-08-18 20:00:00,8,18.9
2013-08-18 20:00:00,9,15.9
2013-08-18 20:00:00,10,14.1
2013-08-18 20:00:00,11,13
2013-08-18 20:00:00,12,12.1
2013-08-18 20:00:00,13,11.4
2013-08-18 20:00:00,14,10.5
2013-08-18 20:00:00,15,10
2013-08-18 20:00:00,16,9.5
2013-08-18 20:00:00,17,9.2
2013-08-18 20:00:00,18,9.1
2013-08-18 20:00:00,19,9
2013-08-18 20:00:00,20,8.8
2013-08-18 20:00:00,21,8.6
2013-08-18 20:00:00,22,8.5
2013-08-18 20:00:00,23,8.4
2013-08-18 20:00:00,24,8.3
2013-08-18 20:00:00,25,8.3
2013-08-18 20:00:00,26,8.2
2013-08-18 20:00:00,27,8.1
2013-08-18 20:00:00,28,8.1
2013-08-18 20:00:00,29,8.1
2013-08-18 20:00:00,30,8.1
2013-09-16 20:00:00,0.1,18.2
2013-09-16 20:00:00,1,18.4
2013-09-16 20:00:00,2,18.5
2013-09-16 20:00:00,3,18.5
2013-09-16 20:00:00,4,18.6
2013-09-16 20:00:00,5,18.6
2013-09-16 20:00:00,6,18.6
2013-09-16 20:00:00,7,18.7
2013-09-16 20:00:00,8,18.7
2013-09-16 20:00:00,9,18.7
2013-09-16 20:00:00,10,15.8
2013-09-16 20:00:00,11,13.9
2013-09-16 20:00:00,12,12.4
2013-09-16 20:00:00,13,11.6
2013-09-16 20:00:00,14,10.7
2013-09-16 20:00:00,15,10
2013-09-16 20:00:00,16,9.7
2013-09-16 20:00:00,17,9.4
2013-09-16 20:00:00,18,9.3
2013-09-16 20:00:00,19,9.1
2013-09-16 20:00:00,20,8.9
2013-09-16 20:00:00,21,8.8
2013-09-16 20:00:00,22,8.8
2013-09-16 20:00:00,23,8.6
2013-09-16 20:00:00,24,8.6
2013-09-16 20:00:00,25,8.5
2013-09-16 20:00:00,26,8.4
2013-09-16 20:00:00,27,8.4
2013-09-16 20:00:00,28,8.4
2013-09-16 20:00:00,29,8.3
2013-09-16 20:00:00,30,8.3
